customer_id,tenure_months,monthly_charges,contract,internet_service,payment_method,support_calls,senior_citizen,churn
C00000,52,85.74,One year,No,Bank transfer,0,0,0
C00001,15,67.23,Month-to-month,Fiber optic,Credit card,2,0,1
C00002,61,108.02,Month-to-month,Fiber optic,Credit card,0,1,1
C00003,21,41.57,Two year,DSL,Bank transfer,1,1,1
C00004,24,87.78,One year,Fiber optic,Electronic check,1,0,0
C00005,3,80.78,One year,Fiber optic,Credit card,2,0,0
C00006,22,49.53,One year,Fiber optic,Bank transfer,1,1,1
C00007,53,33.66,One year,Fiber optic,Mailed check,1,0,0
C00008,2,,Two year,DSL,Electronic check,2,1,1
C00009,30,93.86,Month-to-month,DSL,Mailed check,0,0,1
C00010,38,51.56,One year,No,Electronic check,1,0,0
C00011,2,,Two year,No,Credit card,0,0,0
C00012,64,59.51,Month-to-month,DSL,Mailed check,0,0,0
C00013,60,91.32,One year,Fiber optic,Mailed check,0,0,0
C00014,21,39.92,Month-to-month,DSL,Bank transfer,2,0,1
C00015,33,109.02,Two year,DSL,Credit card,4,0,0
C00016,58,48.74,Month-to-month,DSL,Credit card,0,0,0
C00017,22,,One year,DSL,Electronic check,2,0,0
C00018,49,25.81,Month-to-month,Fiber optic,Bank transfer,2,0,0
C00019,59,31.15,One year,Fiber optic,Bank transfer,0,0,0
C00020,42,71.59,Month-to-month,DSL,Electronic check,0,0,0
C00021,60,46.76,Month-to-month,DSL,Mailed check,1,0,1
C00022,15,103.55,Month-to-month,No,Electronic check,3,0,1
C00023,62,21.47,Two year,DSL,Electronic check,1,0,0
C00024,62,57.91,Month-to-month,Fiber optic,Electronic check,2,0,0
C00025,47,53.73,Month-to-month,DSL,Bank transfer,0,1,0
C00026,62,21.93,One year,Fiber optic,Electronic check,1,0,0
C00027,51,32.44,Month-to-month,DSL,Electronic check,1,0,0
C00028,55,61.36,Two year,DSL,Electronic check,2,0,0
C00029,64,69.29,Month-to-month,DSL,Credit card,3,0,0
C00030,3,60.43,One year,DSL,Mailed check,1,0,0
C00031,51,73.09,Month-to-month,Fiber optic,Mailed check,1,1,0
C00032,7,79.51,Month-to-month,Fiber optic,Mailed check,0,0,1
C00033,21,20.99,One year,DSL,Mailed check,0,0,0
C00034,39,66.41,One year,DSL,Bank transfer,0,1,0
C00035,18,116.35,One year,Fiber optic,Bank transfer,2,0,0
C00036,4,71.9,Month-to-month,Fiber optic,Electronic check,2,0,1
C00037,60,87.75,Month-to-month,No,Bank transfer,3,0,0
C00038,14,51.19,Month-to-month,Fiber optic,Mailed check,0,0,1
C00039,9,97.4,Two year,Fiber optic,Credit card,0,0,0
C00040,53,97.29,Month-to-month,Fiber optic,Electronic check,3,0,1
C00041,2,72.13,Month-to-month,No,Electronic check,0,0,0
C00042,60,117.6,Month-to-month,No,Mailed check,1,0,1
C00043,71,32.56,One year,DSL,Mailed check,2,1,1
C00044,44,21.69,Month-to-month,DSL,Mailed check,0,0,0
C00045,8,97.02,Two year,DSL,Bank transfer,0,0,1
C00046,47,100.72,Month-to-month,Fiber optic,Electronic check,0,0,0
C00047,35,32.02,Two year,Fiber optic,Mailed check,0,0,0
C00048,36,46.56,Month-to-month,Fiber optic,Credit card,1,0,0
C00049,50,21.76,One year,DSL,Electronic check,0,0,0
C00050,4,,Two year,Fiber optic,Electronic check,1,0,0
C00051,2,,Month-to-month,No,Bank transfer,2,0,1
C00052,6,71.8,Two year,DSL,Electronic check,1,0,0
C00053,54,54.81,Month-to-month,Fiber optic,Mailed check,3,1,0
C00054,4,57.17,Two year,Fiber optic,Mailed check,1,0,1
C00055,54,20.14,One year,No,Credit card,2,0,0
C00056,63,,Month-to-month,No,Electronic check,2,0,0
C00057,18,84.65,Month-to-month,Fiber optic,Electronic check,2,0,0
C00058,44,117.42,Month-to-month,Fiber optic,Bank transfer,1,0,1
C00059,34,104.71,Month-to-month,No,Mailed check,3,0,0
C00060,62,22.36,Month-to-month,Fiber optic,Credit card,0,1,0
C00061,14,109.86,Month-to-month,DSL,Mailed check,0,0,0
C00062,48,98.32,Month-to-month,Fiber optic,Electronic check,1,0,0
C00063,15,98.04,One year,DSL,Electronic check,1,1,0
C00064,62,65.8,Month-to-month,Fiber optic,Credit card,1,1,0
C00065,40,59.8,Month-to-month,No,Electronic check,2,0,0
C00066,53,50.29,One year,Fiber optic,Credit card,0,0,0
C00067,24,26.57,Month-to-month,Fiber optic,Credit card,1,0,1
C00068,26,42.82,Month-to-month,DSL,Mailed check,2,0,1
C00069,60,44.66,Month-to-month,Fiber optic,Credit card,3,0,1
C00070,41,68.41,Two year,DSL,Electronic check,1,0,0
C00071,29,94.74,Two year,DSL,Bank transfer,1,1,1
C00072,15,67.38,Month-to-month,Fiber optic,Bank transfer,2,0,1
C00073,45,25.78,One year,DSL,Electronic check,0,1,0
C00074,65,115.78,Month-to-month,Fiber optic,Bank transfer,2,1,1
C00075,71,114.27,One year,Fiber optic,Bank transfer,1,0,0
C00076,9,98.52,One year,No,Credit card,1,0,1
C00077,1,119.13,One year,Fiber optic,Bank transfer,1,0,0
C00078,8,74.45,Month-to-month,DSL,Bank transfer,1,0,0
C00079,63,116.28,Month-to-month,DSL,Bank transfer,2,0,0
C00080,11,27.56,Month-to-month,Fiber optic,Mailed check,1,0,0
C00081,8,56.57,Two year,Fiber optic,Electronic check,2,0,1
C00082,35,42.54,One year,Fiber optic,Credit card,1,0,0
C00083,35,39.58,Two year,Fiber optic,Bank transfer,1,0,1
C00084,33,34.08,Two year,DSL,Electronic check,1,0,0
C00085,5,82.24,Month-to-month,Fiber optic,Bank transfer,1,0,1
C00086,41,98.13,One year,Fiber optic,Mailed check,1,0,0
C00087,28,77.83,One year,DSL,Mailed check,1,1,0
C00088,7,34.7,Two year,DSL,Bank transfer,1,0,0
C00089,12,101.11,Two year,DSL,Bank transfer,1,0,0
C00090,34,83.6,One year,DSL,Bank transfer,2,0,0
C00091,33,58.82,Month-to-month,Fiber optic,Mailed check,1,0,0
C00092,48,87.41,One year,DSL,Mailed check,2,0,0
C00093,23,45.99,Month-to-month,DSL,Electronic check,0,0,1
C00094,62,54.52,One year,DSL,Credit card,1,0,0
C00095,37,111.75,Two year,No,Credit card,1,0,0
C00096,44,49.05,Month-to-month,No,Mailed check,1,1,0
C00097,35,67.0,One year,DSL,Credit card,3,0,0
C00098,65,109.01,Month-to-month,DSL,Bank transfer,0,0,0
C00099,47,90.77,Month-to-month,DSL,Electronic check,0,0,1
C00100,3,26.22,Month-to-month,Fiber optic,Mailed check,1,1,1
C00101,1,34.73,One year,DSL,Mailed check,4,0,1
C00102,5,20.78,Two year,Fiber optic,Credit card,0,1,1
C00103,14,83.09,Two year,Fiber optic,Bank transfer,0,0,1
C00104,27,64.77,Month-to-month,No,Electronic check,2,0,1
C00105,9,33.43,Two year,DSL,Credit card,1,0,0
C00106,15,115.79,One year,No,Mailed check,0,0,0
C00107,42,72.97,Month-to-month,Fiber optic,Mailed check,1,0,0
C00108,51,44.19,Month-to-month,DSL,Credit card,0,1,0
C00109,63,70.06,Month-to-month,Fiber optic,Bank transfer,1,0,1
C00110,52,87.96,Two year,DSL,Electronic check,1,0,0
C00111,4,27.62,One year,DSL,Electronic check,0,0,0
C00112,23,47.47,One year,DSL,Electronic check,1,0,0
C00113,15,100.7,Month-to-month,Fiber optic,Electronic check,0,0,1
C00114,43,65.97,One year,Fiber optic,Bank transfer,0,0,0
C00115,29,74.66,Month-to-month,No,Mailed check,2,0,0
C00116,36,63.28,Month-to-month,DSL,Mailed check,1,0,0
C00117,13,24.39,One year,No,Electronic check,1,0,1
C00118,32,36.57,Month-to-month,DSL,Electronic check,1,1,0
C00119,71,64.55,Two year,Fiber optic,Electronic check,1,0,0
C00120,59,40.92,Month-to-month,DSL,Credit card,0,1,0
C00121,28,25.0,One year,DSL,Credit card,0,0,0
C00122,66,104.36,Month-to-month,No,Mailed check,0,0,0
C00123,42,118.12,One year,DSL,Mailed check,2,0,0
C00124,45,99.31,Month-to-month,Fiber optic,Electronic check,4,0,0
C00125,62,105.38,Month-to-month,Fiber optic,Credit card,4,1,0
C00126,57,44.2,Two year,Fiber optic,Bank transfer,1,0,0
C00127,6,116.06,Month-to-month,Fiber optic,Credit card,1,1,0
C00128,28,39.69,Two year,Fiber optic,Mailed check,1,0,1
C00129,28,115.14,Two year,DSL,Credit card,1,0,1
C00130,44,119.48,Month-to-month,Fiber optic,Mailed check,2,1,0
C00131,30,91.17,Month-to-month,No,Electronic check,2,0,1
C00132,62,118.11,One year,,Bank transfer,3,0,1
C00133,62,76.95,Two year,,Electronic check,2,0,0
C00134,1,45.95,Two year,Fiber optic,Electronic check,1,1,0
C00135,27,63.7,Month-to-month,Fiber optic,Bank transfer,3,0,1
C00136,62,79.36,One year,Fiber optic,Bank transfer,2,0,0
C00137,3,27.31,Month-to-month,DSL,Bank transfer,0,0,1
C00138,70,82.23,Two year,Fiber optic,Mailed check,1,0,0
C00139,27,118.12,Two year,DSL,Electronic check,1,1,0
C00140,9,39.01,Month-to-month,Fiber optic,Mailed check,1,1,1
C00141,62,99.26,Month-to-month,Fiber optic,Bank transfer,2,0,0
C00142,37,110.79,Month-to-month,DSL,Mailed check,1,0,0
C00143,51,114.37,Month-to-month,Fiber optic,Bank transfer,1,0,0
C00144,44,116.01,Two year,No,Credit card,1,0,0
C00145,24,72.15,Month-to-month,Fiber optic,Bank transfer,1,0,1
C00146,59,117.73,Month-to-month,No,Electronic check,0,0,1
C00147,32,95.73,Month-to-month,Fiber optic,Electronic check,0,0,1
C00148,52,36.17,Two year,Fiber optic,Electronic check,1,0,0
C00149,62,67.69,One year,DSL,Mailed check,2,0,0
C00150,58,91.83,Month-to-month,DSL,Electronic check,1,0,1
C00151,52,44.73,Month-to-month,DSL,Bank transfer,3,1,1
C00152,12,84.06,Two year,Fiber optic,Credit card,0,0,0
C00153,39,86.66,Two year,No,Electronic check,2,0,0
C00154,2,36.27,Month-to-month,DSL,Mailed check,0,0,0
C00155,3,76.51,Month-to-month,Fiber optic,Credit card,2,0,0
C00156,56,97.16,Month-to-month,Fiber optic,Electronic check,1,0,0
C00157,59,69.89,Month-to-month,Fiber optic,Electronic check,1,0,0
C00158,2,21.21,One year,Fiber optic,Credit card,0,0,0
C00159,2,20.9,Two year,,Electronic check,1,0,1
C00160,54,55.7,Month-to-month,DSL,Mailed check,0,1,0
C00161,1,112.62,Two year,DSL,Bank transfer,0,0,0
C00162,19,42.87,Month-to-month,No,Bank transfer,3,1,1
C00163,2,83.44,One year,DSL,Credit card,1,0,1
C00164,53,42.21,One year,DSL,Bank transfer,3,0,0
C00165,44,52.17,Month-to-month,No,Electronic check,1,0,0
C00166,32,104.8,Month-to-month,DSL,Electronic check,1,0,1
C00167,70,92.89,One year,Fiber optic,Mailed check,0,0,0
C00168,32,29.54,Month-to-month,DSL,Bank transfer,1,0,1
C00169,68,62.87,Month-to-month,Fiber optic,Credit card,0,0,0
C00170,55,22.92,Month-to-month,DSL,Electronic check,4,0,0
C00171,56,68.09,Two year,DSL,Credit card,1,0,0
C00172,17,86.24,Month-to-month,Fiber optic,Electronic check,2,0,0
C00173,38,31.85,Two year,Fiber optic,Electronic check,1,0,1
C00174,24,48.89,Month-to-month,Fiber optic,Mailed check,0,0,1
C00175,69,59.78,One year,No,Bank transfer,1,0,0
C00176,70,111.95,One year,DSL,Mailed check,1,0,0
C00177,11,119.33,Two year,Fiber optic,Bank transfer,2,0,1
C00178,16,24.49,Month-to-month,Fiber optic,Credit card,1,0,1
C00179,59,96.1,One year,No,Bank transfer,2,0,1
C00180,70,57.17,One year,DSL,Credit card,1,0,0
C00181,3,59.25,Month-to-month,Fiber optic,Electronic check,1,0,0
C00182,20,95.43,Month-to-month,No,Credit card,1,0,1
C00183,59,111.84,Month-to-month,DSL,Credit card,2,1,1
C00184,36,115.09,Month-to-month,No,Electronic check,1,0,0
C00185,19,77.71,Two year,DSL,Credit card,1,0,0
C00186,67,55.71,Month-to-month,Fiber optic,Credit card,1,0,1
C00187,19,98.75,Month-to-month,No,Electronic check,1,0,0
C00188,20,45.1,One year,,Electronic check,1,0,0
C00189,71,76.41,Month-to-month,Fiber optic,Electronic check,3,0,0
C00190,52,55.86,Month-to-month,DSL,Bank transfer,0,1,0
C00191,33,85.66,Month-to-month,No,Electronic check,2,0,0
C00192,40,,Two year,Fiber optic,Electronic check,1,0,0
C00193,39,39.16,Two year,DSL,Credit card,3,0,0
C00194,1,111.82,Two year,Fiber optic,Mailed check,0,1,0
C00195,11,30.18,Month-to-month,Fiber optic,Mailed check,0,0,0
C00196,57,70.6,One year,DSL,Bank transfer,1,0,0
C00197,50,42.09,Month-to-month,DSL,Bank transfer,0,0,0
C00198,23,23.89,Month-to-month,DSL,Mailed check,1,0,0
C00199,31,23.6,Month-to-month,Fiber optic,Mailed check,0,0,1
C00200,42,37.52,One year,Fiber optic,Electronic check,0,1,0
C00201,7,106.68,Month-to-month,Fiber optic,Credit card,0,0,0
C00202,16,48.25,Month-to-month,No,Electronic check,3,0,1
C00203,60,115.05,Month-to-month,No,Bank transfer,1,1,1
C00204,2,78.16,Month-to-month,Fiber optic,Mailed check,0,0,1
C00205,1,63.66,One year,DSL,Bank transfer,0,0,0
C00206,48,78.01,Month-to-month,Fiber optic,Electronic check,1,0,0
C00207,12,71.67,One year,Fiber optic,Bank transfer,0,0,0
C00208,69,95.88,Month-to-month,Fiber optic,Bank transfer,1,0,0
C00209,37,48.25,Two year,Fiber optic,Credit card,0,1,1
C00210,32,55.31,One year,Fiber optic,Bank transfer,0,0,1
C00211,9,109.41,Month-to-month,No,Electronic check,1,0,1
C00212,19,114.65,Month-to-month,DSL,Credit card,0,0,1
C00213,48,109.26,One year,Fiber optic,Bank transfer,1,0,0
C00214,3,61.94,Two year,DSL,Electronic check,1,0,1
C00215,20,98.04,Month-to-month,No,Mailed check,0,0,0
C00216,24,67.63,Month-to-month,DSL,Credit card,2,0,1
C00217,54,69.75,Two year,,Bank transfer,1,0,0
C00218,33,40.47,One year,DSL,Bank transfer,0,0,0
C00219,24,79.11,Month-to-month,Fiber optic,Credit card,1,0,1
C00220,36,38.61,Month-to-month,DSL,Electronic check,2,0,0
C00221,38,53.16,Month-to-month,Fiber optic,Bank transfer,1,0,0
C00222,25,105.5,One year,Fiber optic,Electronic check,0,0,0
C00223,18,40.71,Month-to-month,DSL,Credit card,2,0,0
C00224,66,27.12,Two year,DSL,Bank transfer,0,0,0
C00225,54,26.9,Month-to-month,No,Mailed check,0,0,0
C00226,35,114.08,Month-to-month,Fiber optic,Mailed check,3,0,0
C00227,61,70.69,One year,Fiber optic,Mailed check,1,0,0
C00228,41,60.94,Two year,Fiber optic,Credit card,2,0,0
C00229,33,101.09,Two year,DSL,Bank transfer,2,0,0
C00230,68,103.58,Month-to-month,DSL,Credit card,2,0,1
C00231,33,53.22,One year,DSL,Bank transfer,2,0,0
C00232,14,89.36,One year,No,Mailed check,0,0,0
C00233,21,97.11,Month-to-month,No,Mailed check,0,0,0
C00234,48,85.47,Month-to-month,Fiber optic,Electronic check,3,0,0
C00235,20,35.16,Month-to-month,DSL,Credit card,1,0,0
C00236,8,107.59,Month-to-month,DSL,Credit card,0,0,1
C00237,7,73.91,Two year,DSL,Electronic check,1,0,0
C00238,67,48.25,Month-to-month,Fiber optic,Mailed check,2,0,0
C00239,17,62.52,Two year,DSL,Mailed check,2,0,1
C00240,33,23.76,Month-to-month,No,Credit card,2,0,1
C00241,48,,One year,Fiber optic,Bank transfer,0,0,0
C00242,59,96.55,Month-to-month,No,Mailed check,0,0,0
C00243,22,20.0,Month-to-month,Fiber optic,Electronic check,0,1,1
C00244,30,61.66,Month-to-month,Fiber optic,Electronic check,2,0,1
C00245,38,72.25,Month-to-month,Fiber optic,Electronic check,2,1,0
C00246,51,25.46,One year,Fiber optic,Credit card,4,0,0
C00247,54,,Month-to-month,Fiber optic,Credit card,0,0,0
C00248,8,42.61,One year,Fiber optic,Credit card,2,0,1
C00249,27,50.42,Month-to-month,Fiber optic,Credit card,2,0,1
C00250,27,50.39,Month-to-month,No,Electronic check,1,0,0
C00251,21,43.04,Month-to-month,Fiber optic,Electronic check,1,1,0
C00252,30,20.15,Two year,Fiber optic,Credit card,1,0,0
C00253,28,92.93,One year,No,Credit card,0,0,0
C00254,64,116.68,Month-to-month,DSL,Electronic check,0,0,0
C00255,69,42.43,Month-to-month,DSL,Credit card,3,1,1
C00256,61,86.3,Month-to-month,,Credit card,1,0,1
C00257,48,94.19,Two year,Fiber optic,Credit card,1,0,0
C00258,19,104.84,One year,No,Credit card,3,0,0
C00259,4,62.26,Month-to-month,Fiber optic,Mailed check,1,0,0
C00260,35,50.29,One year,Fiber optic,Credit card,0,0,1
C00261,64,,Month-to-month,Fiber optic,Electronic check,0,0,0
C00262,49,91.26,Two year,DSL,Electronic check,2,0,0
C00263,17,101.68,Month-to-month,Fiber optic,Electronic check,0,0,0
C00264,44,38.16,One year,No,Electronic check,2,0,0
C00265,30,57.09,Month-to-month,DSL,Credit card,0,0,0
C00266,46,110.19,One year,Fiber optic,Mailed check,4,1,1
C00267,6,100.67,One year,Fiber optic,Bank transfer,0,1,1
C00268,37,118.49,One year,DSL,Bank transfer,1,0,0
C00269,24,95.42,One year,DSL,Bank transfer,3,0,1
C00270,46,59.32,Two year,No,Bank transfer,2,0,0
C00271,53,79.06,Month-to-month,Fiber optic,Electronic check,1,0,1
C00272,60,86.1,Month-to-month,DSL,Credit card,0,0,0
C00273,63,27.85,Month-to-month,DSL,Credit card,2,0,0
C00274,32,74.45,Two year,Fiber optic,Bank transfer,2,0,0
C00275,33,90.93,Month-to-month,Fiber optic,Bank transfer,1,0,0
C00276,67,36.73,One year,Fiber optic,Mailed check,0,0,0
C00277,18,98.06,One year,DSL,Mailed check,0,0,1
C00278,25,78.38,Month-to-month,No,Mailed check,0,0,1
C00279,54,115.22,Month-to-month,Fiber optic,Electronic check,0,0,0
C00280,58,24.24,Month-to-month,DSL,Credit card,0,0,0
C00281,67,46.53,Month-to-month,Fiber optic,Electronic check,1,0,1
C00282,46,80.16,Month-to-month,Fiber optic,Electronic check,1,0,0
C00283,24,49.66,Month-to-month,No,Credit card,1,0,1
C00284,32,91.44,Two year,No,Mailed check,1,0,0
C00285,47,95.9,Two year,DSL,Credit card,3,0,0
C00286,23,30.25,Month-to-month,No,Bank transfer,2,0,1
C00287,66,71.39,Month-to-month,Fiber optic,Mailed check,3,0,0
C00288,27,70.89,Month-to-month,No,Credit card,3,0,0
C00289,2,56.93,One year,DSL,Electronic check,3,0,0
C00290,17,113.29,Two year,Fiber optic,Credit card,1,0,0
C00291,33,102.75,Month-to-month,DSL,Mailed check,0,1,1
C00292,9,89.72,Month-to-month,No,Bank transfer,0,0,1
C00293,43,91.43,One year,DSL,Electronic check,1,0,0
C00294,48,66.17,One year,Fiber optic,Bank transfer,2,1,0
C00295,39,112.1,Month-to-month,DSL,Bank transfer,0,0,0
C00296,42,89.46,One year,DSL,Electronic check,5,0,0
C00297,26,92.9,Month-to-month,Fiber optic,Credit card,3,0,1
C00298,50,106.17,Month-to-month,No,Credit card,3,0,1
C00299,25,47.41,One year,Fiber optic,Bank transfer,1,0,0
C00300,24,100.71,Two year,No,Credit card,0,0,0
C00301,13,39.52,Month-to-month,DSL,Mailed check,0,0,0
C00302,60,54.53,Two year,Fiber optic,Bank transfer,1,0,0
C00303,7,53.56,Month-to-month,Fiber optic,Bank transfer,1,0,1
C00304,57,,One year,DSL,Bank transfer,1,0,0
C00305,36,105.65,Month-to-month,Fiber optic,Mailed check,0,0,0
C00306,45,90.12,Two year,Fiber optic,Bank transfer,2,1,1
C00307,20,92.71,Two year,Fiber optic,Credit card,0,0,0
C00308,65,76.21,Month-to-month,Fiber optic,Credit card,0,0,0
C00309,8,114.71,Two year,Fiber optic,Credit card,2,0,0
C00310,16,69.63,Two year,DSL,Credit card,0,0,0
C00311,14,58.05,One year,DSL,Bank transfer,1,0,0
C00312,15,36.3,Month-to-month,Fiber optic,Mailed check,0,0,0
C00313,66,98.62,Two year,DSL,Electronic check,1,0,0
C00314,32,93.44,Two year,DSL,Credit card,0,1,0
C00315,63,58.44,Month-to-month,Fiber optic,Electronic check,2,1,0
C00316,51,22.52,Two year,Fiber optic,Electronic check,3,0,0
C00317,25,103.9,Month-to-month,DSL,Bank transfer,1,0,0
C00318,58,21.14,Month-to-month,Fiber optic,Credit card,1,0,0
C00319,63,90.37,Month-to-month,Fiber optic,Credit card,0,0,0
C00320,62,117.03,One year,DSL,Credit card,1,0,0
C00321,22,63.77,One year,Fiber optic,Electronic check,2,1,0
C00322,58,43.5,Month-to-month,Fiber optic,Credit card,0,0,0
C00323,58,90.49,Two year,Fiber optic,Credit card,0,0,0
C00324,49,101.71,Month-to-month,Fiber optic,Mailed check,2,0,1
C00325,52,74.64,Month-to-month,DSL,Bank transfer,0,1,0
C00326,42,116.7,Month-to-month,Fiber optic,Credit card,1,0,1
C00327,70,25.17,One year,Fiber optic,Credit card,2,1,0
C00328,15,70.48,Two year,No,Bank transfer,1,1,1
C00329,54,91.85,One year,No,Bank transfer,1,0,1
C00330,60,106.26,Two year,Fiber optic,Electronic check,3,0,0
C00331,8,37.93,Month-to-month,DSL,Electronic check,1,0,0
C00332,53,100.0,Month-to-month,DSL,Electronic check,1,0,1
C00333,60,75.27,Month-to-month,DSL,Bank transfer,2,0,1
C00334,5,59.66,Month-to-month,Fiber optic,Mailed check,0,0,1
C00335,68,33.17,Month-to-month,DSL,Credit card,1,0,0
C00336,6,106.53,One year,Fiber optic,Bank transfer,3,0,1
C00337,47,35.73,Month-to-month,DSL,Mailed check,1,0,1
C00338,55,50.98,One year,No,Bank transfer,0,0,0
C00339,40,49.0,Month-to-month,DSL,Mailed check,2,0,0
C00340,52,107.14,Month-to-month,No,Bank transfer,0,0,1
C00341,16,87.27,One year,No,Bank transfer,3,0,0
C00342,13,99.67,Month-to-month,Fiber optic,Mailed check,3,0,1
C00343,30,45.05,Two year,Fiber optic,Mailed check,0,0,0
C00344,19,82.49,One year,Fiber optic,Mailed check,1,1,1
C00345,17,77.17,Month-to-month,Fiber optic,Mailed check,0,0,0
C00346,63,103.28,Two year,DSL,Mailed check,3,0,0
C00347,19,110.61,Month-to-month,DSL,Mailed check,2,0,0
C00348,58,21.22,Month-to-month,Fiber optic,Mailed check,1,0,1
C00349,55,87.4,One year,,Mailed check,1,1,0
C00350,62,25.18,Month-to-month,Fiber optic,Bank transfer,2,0,0
C00351,23,74.89,Two year,DSL,Mailed check,4,0,1
C00352,9,48.76,Two year,Fiber optic,Mailed check,0,0,0
C00353,12,50.68,Two year,DSL,Bank transfer,0,0,0
C00354,1,55.3,Month-to-month,DSL,Bank transfer,0,0,0
C00355,58,82.13,Month-to-month,DSL,Electronic check,0,0,1
C00356,1,53.4,One year,DSL,Electronic check,1,0,1
C00357,34,93.27,Month-to-month,DSL,Mailed check,0,0,0
C00358,48,60.45,Month-to-month,No,Mailed check,0,0,0
C00359,1,26.84,Month-to-month,DSL,Electronic check,2,0,1
C00360,16,98.38,Month-to-month,Fiber optic,Electronic check,1,0,1
C00361,61,,Month-to-month,DSL,Credit card,2,0,0
C00362,64,63.28,Two year,No,Credit card,2,0,0
C00363,63,88.54,Two year,Fiber optic,Mailed check,1,0,1
C00364,69,53.25,Month-to-month,DSL,Credit card,0,1,0
C00365,22,25.66,Month-to-month,,Electronic check,0,0,1
C00366,67,57.39,Month-to-month,Fiber optic,Mailed check,0,1,0
C00367,26,114.44,Two year,Fiber optic,Bank transfer,0,0,1
C00368,16,84.17,Month-to-month,DSL,Bank transfer,1,0,1
C00369,51,87.15,One year,No,Electronic check,1,0,0
C00370,57,83.23,Month-to-month,Fiber optic,Credit card,7,0,0
C00371,29,39.9,One year,DSL,Bank transfer,1,0,0
C00372,69,61.83,Month-to-month,Fiber optic,Credit card,1,0,1
C00373,47,95.09,One year,Fiber optic,Bank transfer,2,0,1
C00374,62,30.14,Month-to-month,No,Credit card,5,1,1
C00375,69,47.79,One year,Fiber optic,Bank transfer,0,0,0
C00376,16,47.63,Month-to-month,Fiber optic,Bank transfer,3,0,1
C00377,48,63.2,One year,DSL,Mailed check,0,0,0
C00378,39,118.04,Two year,No,Mailed check,1,0,0
C00379,33,,Month-to-month,Fiber optic,Electronic check,0,0,0
C00380,23,71.87,Two year,DSL,Bank transfer,0,0,0
C00381,10,37.94,One year,DSL,Credit card,0,0,0
C00382,69,117.07,Month-to-month,DSL,Bank transfer,1,1,0
C00383,34,31.33,Month-to-month,No,Credit card,0,0,0
C00384,52,60.36,Month-to-month,DSL,Credit card,2,0,0
C00385,10,93.79,One year,Fiber optic,Bank transfer,0,0,0
C00386,19,90.46,One year,DSL,Credit card,0,0,0
C00387,58,62.27,Month-to-month,Fiber optic,Electronic check,0,1,0
C00388,1,54.65,Month-to-month,Fiber optic,Mailed check,0,0,0
C00389,69,59.76,Two year,No,Credit card,1,0,0
C00390,4,,Two year,Fiber optic,Bank transfer,2,0,0
C00391,16,40.53,Month-to-month,No,Mailed check,2,0,1
C00392,24,68.3,Two year,Fiber optic,Electronic check,1,0,0
C00393,2,46.85,Month-to-month,DSL,Credit card,0,0,0
C00394,32,48.75,Month-to-month,DSL,Credit card,2,0,1
C00395,24,85.68,Two year,Fiber optic,Mailed check,2,0,0
C00396,12,116.85,Month-to-month,No,Credit card,4,0,1
C00397,50,80.36,Month-to-month,No,Bank transfer,1,0,0
C00398,35,27.7,Month-to-month,DSL,Mailed check,0,0,0
C00399,33,27.56,Two year,DSL,Mailed check,1,0,1
C00400,33,115.14,Two year,DSL,Credit card,1,0,0
C00401,61,49.73,Month-to-month,No,Electronic check,1,0,0
C00402,51,29.21,Month-to-month,No,Electronic check,1,1,1
C00403,43,79.9,Month-to-month,Fiber optic,Electronic check,1,0,1
C00404,12,82.36,One year,Fiber optic,Electronic check,1,0,0
C00405,67,84.85,Month-to-month,Fiber optic,Mailed check,0,0,0
C00406,65,,One year,Fiber optic,Mailed check,0,1,0
C00407,33,21.51,Month-to-month,DSL,Credit card,3,0,1
C00408,40,116.5,Month-to-month,Fiber optic,Electronic check,2,1,1
C00409,43,45.09,Month-to-month,DSL,Electronic check,1,0,0
C00410,44,87.6,Month-to-month,DSL,Credit card,0,0,1
C00411,29,90.66,Two year,No,Credit card,0,0,0
C00412,13,81.0,Month-to-month,Fiber optic,Credit card,0,0,1
C00413,12,51.29,Month-to-month,Fiber optic,Bank transfer,1,0,1
C00414,46,47.11,Month-to-month,Fiber optic,Credit card,0,0,0
C00415,2,79.77,Month-to-month,Fiber optic,Credit card,1,0,1
C00416,35,106.61,Month-to-month,Fiber optic,Bank transfer,0,0,1
C00417,8,114.67,Month-to-month,,Electronic check,1,0,1
C00418,26,30.59,Month-to-month,Fiber optic,Mailed check,1,1,0
C00419,34,35.48,One year,Fiber optic,Electronic check,2,0,1
C00420,7,,Month-to-month,DSL,Mailed check,3,0,1
C00421,68,93.65,Month-to-month,DSL,Mailed check,4,0,1
C00422,58,108.3,Two year,,Credit card,3,0,0
C00423,29,40.26,Month-to-month,DSL,Credit card,1,1,0
C00424,36,78.76,Month-to-month,Fiber optic,Bank transfer,1,0,0
C00425,21,90.11,Month-to-month,DSL,Electronic check,2,0,1
C00426,36,88.01,Month-to-month,DSL,Electronic check,2,1,1
C00427,10,60.82,One year,Fiber optic,Mailed check,1,0,0
C00428,24,21.54,Month-to-month,No,Credit card,0,0,1
C00429,64,,One year,DSL,Credit card,2,0,0
C00430,49,45.31,Month-to-month,Fiber optic,Electronic check,0,1,0
C00431,36,65.03,Month-to-month,Fiber optic,Bank transfer,2,1,1
C00432,24,115.76,One year,DSL,Credit card,0,0,0
C00433,23,59.9,Month-to-month,Fiber optic,Bank transfer,2,0,0
C00434,62,103.98,One year,Fiber optic,Electronic check,2,0,0
C00435,37,38.85,Month-to-month,Fiber optic,Electronic check,3,0,0
C00436,12,87.25,One year,No,Bank transfer,3,0,1
C00437,55,117.7,Month-to-month,DSL,Credit card,1,0,0
C00438,13,30.19,Two year,DSL,Electronic check,0,1,0
C00439,23,20.83,Month-to-month,No,Mailed check,1,0,0
C00440,30,63.36,Two year,Fiber optic,Electronic check,1,0,0
C00441,17,29.26,Month-to-month,Fiber optic,Credit card,2,0,1
C00442,62,94.84,One year,Fiber optic,Mailed check,1,0,1
C00443,13,111.45,Month-to-month,DSL,Electronic check,1,1,1
C00444,59,63.4,Two year,Fiber optic,Credit card,0,0,0
C00445,19,45.87,Month-to-month,,Credit card,1,1,1
C00446,49,63.44,Month-to-month,DSL,Electronic check,1,0,0
C00447,12,92.34,Month-to-month,DSL,Credit card,1,0,1
C00448,61,20.91,Month-to-month,No,Bank transfer,3,0,0
C00449,19,78.95,Month-to-month,DSL,Mailed check,1,0,0
C00450,9,81.33,Two year,Fiber optic,Bank transfer,0,0,0
C00451,71,83.77,Two year,No,Electronic check,1,0,0
C00452,28,44.2,Month-to-month,Fiber optic,Bank transfer,2,0,1
C00453,52,91.41,Two year,Fiber optic,Electronic check,1,0,0
C00454,16,29.14,Month-to-month,Fiber optic,Electronic check,2,0,1
C00455,69,39.93,Month-to-month,DSL,Credit card,2,0,1
C00456,12,107.75,One year,Fiber optic,Credit card,2,0,0
C00457,25,93.87,One year,Fiber optic,Electronic check,0,0,1
C00458,52,21.37,Two year,No,Mailed check,0,1,0
C00459,53,44.84,Month-to-month,No,Mailed check,0,0,1
C00460,23,41.44,One year,No,Mailed check,2,0,0
C00461,16,47.08,Month-to-month,No,Bank transfer,0,0,0
C00462,57,44.76,Month-to-month,Fiber optic,Electronic check,4,0,0
C00463,39,26.25,Month-to-month,Fiber optic,Credit card,0,0,0
C00464,53,65.89,Two year,,Bank transfer,0,1,0
C00465,42,93.27,Two year,Fiber optic,Bank transfer,0,0,0
C00466,58,80.67,One year,No,Credit card,1,0,0
C00467,39,,Month-to-month,Fiber optic,Electronic check,1,0,1
C00468,14,28.11,Month-to-month,Fiber optic,Bank transfer,1,1,0
C00469,5,115.15,Month-to-month,Fiber optic,Electronic check,0,0,1
C00470,35,103.85,Month-to-month,No,Electronic check,1,0,1
C00471,18,100.51,Month-to-month,DSL,Electronic check,0,0,0
C00472,9,102.3,One year,Fiber optic,Credit card,4,0,0
C00473,58,113.27,Month-to-month,Fiber optic,Electronic check,1,0,0
C00474,17,74.43,Month-to-month,DSL,Bank transfer,0,0,1
C00475,7,40.03,Month-to-month,Fiber optic,Credit card,0,0,1
C00476,46,81.68,Month-to-month,Fiber optic,Credit card,1,0,0
C00477,13,94.29,Month-to-month,,Bank transfer,1,0,1
C00478,40,93.79,Two year,DSL,Credit card,1,0,0
C00479,42,72.14,One year,Fiber optic,Bank transfer,1,0,0
C00480,9,26.85,Two year,Fiber optic,Mailed check,1,0,0
C00481,50,,Month-to-month,Fiber optic,Bank transfer,0,0,0
C00482,27,112.08,Month-to-month,DSL,Credit card,2,0,0
C00483,66,78.44,Month-to-month,No,Bank transfer,0,0,0
C00484,5,73.83,Two year,Fiber optic,Mailed check,0,1,0
C00485,29,46.89,One year,Fiber optic,Electronic check,3,1,1
C00486,37,56.84,Month-to-month,Fiber optic,Electronic check,4,0,1
C00487,38,109.53,Month-to-month,Fiber optic,Electronic check,3,0,0
C00488,8,86.65,Month-to-month,Fiber optic,Credit card,0,0,0
C00489,65,98.74,One year,Fiber optic,Mailed check,1,1,0
C00490,17,65.43,Two year,Fiber optic,Bank transfer,2,0,1
C00491,71,83.02,One year,Fiber optic,Bank transfer,0,0,0
C00492,45,44.84,Month-to-month,Fiber optic,Bank transfer,0,0,1
C00493,4,90.55,Month-to-month,DSL,Bank transfer,0,1,1
C00494,36,62.76,Month-to-month,Fiber optic,Credit card,3,0,0
C00495,70,,Month-to-month,DSL,Credit card,1,0,0
C00496,31,84.93,Month-to-month,DSL,Mailed check,1,0,0
C00497,19,113.63,One year,No,Bank transfer,0,0,0
C00498,61,26.4,One year,Fiber optic,Electronic check,0,0,0
C00499,54,102.47,Month-to-month,Fiber optic,Credit card,0,1,1
C00500,39,49.24,Two year,Fiber optic,Mailed check,0,1,0
C00501,19,64.39,Month-to-month,No,Mailed check,1,0,1
C00502,39,22.19,Month-to-month,Fiber optic,Credit card,4,0,1
C00503,67,50.1,Month-to-month,Fiber optic,Electronic check,1,0,0
C00504,45,70.26,Month-to-month,Fiber optic,Electronic check,3,0,0
C00505,13,25.62,Month-to-month,No,Bank transfer,1,1,0
C00506,58,69.11,Month-to-month,No,Credit card,0,0,1
C00507,20,112.71,Month-to-month,No,Electronic check,3,0,1
C00508,61,30.54,Two year,DSL,Credit card,3,1,0
C00509,39,96.44,Month-to-month,DSL,Mailed check,1,0,0
C00510,1,60.97,Month-to-month,DSL,Mailed check,1,0,1
C00511,3,85.52,Month-to-month,DSL,Mailed check,0,1,1
C00512,62,46.02,One year,No,Credit card,2,0,1
C00513,63,35.95,Month-to-month,DSL,Bank transfer,2,0,1
C00514,25,,Two year,DSL,Bank transfer,1,0,0
C00515,56,27.05,Month-to-month,DSL,Electronic check,1,0,1
C00516,33,38.56,Month-to-month,DSL,Credit card,1,0,0
C00517,38,86.42,One year,DSL,Bank transfer,0,0,0
C00518,6,108.17,Month-to-month,Fiber optic,Credit card,1,0,1
C00519,58,101.41,Month-to-month,Fiber optic,Bank transfer,0,0,1
C00520,44,88.51,Month-to-month,DSL,Mailed check,0,0,0
C00521,45,31.04,One year,Fiber optic,Mailed check,2,0,1
C00522,32,48.92,Month-to-month,Fiber optic,Electronic check,3,1,0
C00523,45,50.98,Month-to-month,DSL,Mailed check,2,0,0
C00524,61,45.0,Two year,Fiber optic,Bank transfer,2,0,1
C00525,47,71.5,Month-to-month,Fiber optic,Electronic check,1,0,0
C00526,21,73.56,Two year,Fiber optic,Electronic check,0,0,0
C00527,36,55.69,One year,Fiber optic,Mailed check,0,0,0
C00528,19,55.38,Month-to-month,DSL,Credit card,3,0,0
C00529,20,102.86,Month-to-month,No,Mailed check,2,0,0
C00530,57,98.93,Month-to-month,No,Mailed check,1,0,1
C00531,18,50.78,One year,No,Electronic check,0,1,1
C00532,47,111.38,One year,DSL,Mailed check,2,0,0
C00533,49,115.28,One year,No,Bank transfer,0,1,0
C00534,14,52.67,Two year,No,Electronic check,0,0,0
C00535,15,55.44,One year,No,Mailed check,0,0,0
C00536,31,70.56,Month-to-month,DSL,Credit card,0,0,1
C00537,1,114.11,Month-to-month,Fiber optic,Bank transfer,1,0,1
C00538,54,107.63,Two year,No,Credit card,2,1,0
C00539,3,30.26,Month-to-month,Fiber optic,Bank transfer,0,0,0
C00540,16,59.27,Month-to-month,Fiber optic,Credit card,0,0,1
C00541,57,75.34,One year,No,Mailed check,1,0,0
C00542,12,70.31,Month-to-month,Fiber optic,Bank transfer,0,0,1
C00543,16,39.39,Two year,Fiber optic,Electronic check,0,0,0
C00544,24,105.88,One year,Fiber optic,Electronic check,4,0,1
C00545,28,87.69,Month-to-month,No,Credit card,1,0,0
C00546,8,103.79,Two year,,Credit card,0,0,0
C00547,36,105.88,Month-to-month,Fiber optic,Credit card,0,1,1
C00548,8,94.84,Month-to-month,Fiber optic,Bank transfer,0,0,0
C00549,58,63.92,Month-to-month,Fiber optic,Electronic check,0,0,0
C00550,60,81.05,Month-to-month,Fiber optic,Mailed check,0,0,1
C00551,50,36.04,Month-to-month,No,Bank transfer,1,1,0
C00552,28,87.36,Month-to-month,No,Credit card,2,0,0
C00553,41,37.93,Month-to-month,DSL,Electronic check,1,0,0
C00554,64,89.39,Month-to-month,Fiber optic,Credit card,0,0,0
C00555,27,42.96,One year,DSL,Mailed check,0,0,0
C00556,63,31.76,Two year,DSL,Mailed check,2,0,0
C00557,17,36.53,Month-to-month,Fiber optic,Electronic check,0,0,0
C00558,33,20.2,Month-to-month,No,Bank transfer,1,0,0
C00559,29,91.87,Month-to-month,No,Mailed check,1,0,0
C00560,13,93.24,Month-to-month,DSL,Mailed check,1,0,0
C00561,46,71.49,One year,DSL,Mailed check,1,0,0
C00562,35,36.14,One year,Fiber optic,Mailed check,2,1,0
C00563,6,28.36,Month-to-month,Fiber optic,Credit card,6,1,1
C00564,69,21.91,Month-to-month,DSL,Credit card,4,0,0
C00565,47,36.57,Month-to-month,No,Bank transfer,3,0,0
C00566,25,109.09,One year,No,Electronic check,4,0,1
C00567,66,44.15,Month-to-month,Fiber optic,Electronic check,0,0,0
C00568,10,55.43,Two year,No,Electronic check,2,0,0
C00569,56,30.53,One year,Fiber optic,Mailed check,0,1,0
C00570,30,42.24,Month-to-month,Fiber optic,Credit card,4,0,0
C00571,5,71.92,One year,,Credit card,1,0,1
C00572,33,80.78,Two year,DSL,Bank transfer,1,0,0
C00573,65,,One year,No,Electronic check,2,0,0
C00574,18,25.77,Month-to-month,Fiber optic,Credit card,1,0,1
C00575,49,59.1,Month-to-month,,Bank transfer,1,1,0
C00576,11,43.42,Two year,Fiber optic,Electronic check,0,0,0
C00577,26,41.96,One year,DSL,Mailed check,1,0,0
C00578,63,115.99,One year,DSL,Credit card,2,1,1
C00579,59,81.63,Two year,Fiber optic,Credit card,0,0,0
C00580,27,75.69,Two year,Fiber optic,Electronic check,2,0,0
C00581,49,61.58,Two year,DSL,Mailed check,2,0,0
C00582,33,62.89,Month-to-month,Fiber optic,Mailed check,0,0,1
C00583,1,74.09,Month-to-month,Fiber optic,Credit card,2,0,1
C00584,21,89.64,One year,Fiber optic,Electronic check,2,0,0
C00585,55,90.21,One year,Fiber optic,Bank transfer,3,0,0
C00586,6,37.17,One year,No,Credit card,1,0,0
C00587,69,70.01,Month-to-month,Fiber optic,Mailed check,1,0,0
C00588,5,61.2,One year,Fiber optic,Bank transfer,1,0,0
C00589,3,107.05,One year,DSL,Electronic check,2,0,0
C00590,53,83.14,Month-to-month,DSL,Mailed check,2,0,0
C00591,23,73.25,Month-to-month,DSL,Bank transfer,2,0,0
C00592,53,31.54,Month-to-month,Fiber optic,Credit card,1,0,0
C00593,37,80.56,Month-to-month,DSL,Mailed check,1,0,0
C00594,17,31.72,Month-to-month,DSL,Electronic check,1,1,1
C00595,1,53.72,Month-to-month,Fiber optic,Mailed check,2,1,1
C00596,51,34.28,Month-to-month,DSL,Credit card,3,1,0
C00597,45,,One year,DSL,Electronic check,2,0,1
C00598,4,40.63,One year,DSL,Credit card,1,0,0
C00599,62,59.19,Two year,Fiber optic,Bank transfer,0,0,0
C00600,65,109.57,Month-to-month,DSL,Mailed check,4,0,1
C00601,32,40.43,Month-to-month,Fiber optic,Credit card,0,0,0
C00602,34,70.78,Two year,Fiber optic,Bank transfer,2,0,0
C00603,39,,Month-to-month,Fiber optic,Electronic check,2,0,1
C00604,26,21.81,Two year,Fiber optic,Electronic check,2,0,0
C00605,34,99.28,Two year,No,Bank transfer,2,0,0
C00606,54,26.9,Month-to-month,DSL,Bank transfer,2,0,1
C00607,3,67.43,Two year,DSL,Electronic check,0,0,1
C00608,50,76.07,Month-to-month,DSL,Credit card,0,0,1
C00609,12,82.84,Month-to-month,DSL,Bank transfer,1,1,1
C00610,65,88.86,One year,DSL,Credit card,1,0,0
C00611,54,,Month-to-month,DSL,Electronic check,1,0,0
C00612,5,21.0,Two year,Fiber optic,Credit card,1,1,1
C00613,57,92.34,Month-to-month,Fiber optic,Credit card,1,0,0
C00614,17,73.57,Month-to-month,Fiber optic,Bank transfer,1,0,1
C00615,47,103.61,One year,Fiber optic,Credit card,0,0,0
C00616,23,102.14,One year,DSL,Credit card,1,0,0
C00617,14,104.33,Month-to-month,DSL,Credit card,2,0,0
C00618,66,68.51,Month-to-month,Fiber optic,Electronic check,3,0,0
C00619,51,53.36,Two year,DSL,Electronic check,1,0,0
C00620,38,99.16,Month-to-month,DSL,Mailed check,2,0,0
C00621,64,65.13,Two year,Fiber optic,Electronic check,4,0,0
C00622,38,38.34,One year,No,Electronic check,0,0,1
C00623,50,105.5,One year,Fiber optic,Mailed check,1,0,0
C00624,30,108.26,One year,DSL,Mailed check,1,0,0
C00625,51,66.63,Month-to-month,No,Bank transfer,4,1,1
C00626,63,27.57,One year,Fiber optic,Bank transfer,0,0,0
C00627,52,58.78,Two year,Fiber optic,Electronic check,1,1,0
C00628,38,100.35,Month-to-month,No,Credit card,1,0,0
C00629,30,110.18,Two year,Fiber optic,Bank transfer,2,0,1
C00630,51,40.35,Month-to-month,DSL,Bank transfer,1,0,0
C00631,5,26.7,Month-to-month,Fiber optic,Electronic check,2,0,1
C00632,29,107.74,Month-to-month,Fiber optic,Credit card,1,0,1
C00633,4,58.94,Two year,Fiber optic,Mailed check,1,0,0
C00634,10,74.18,Month-to-month,Fiber optic,Mailed check,1,0,0
C00635,56,116.81,Two year,No,Electronic check,0,1,0
C00636,17,26.66,Two year,No,Electronic check,0,0,0
C00637,17,84.83,Month-to-month,No,Credit card,1,0,0
C00638,69,27.41,Month-to-month,No,Electronic check,2,0,0
C00639,34,57.55,One year,No,Electronic check,1,0,0
C00640,6,100.38,Month-to-month,DSL,Electronic check,0,1,1
C00641,53,63.35,One year,DSL,Credit card,2,0,0
C00642,66,119.72,Month-to-month,Fiber optic,Electronic check,1,0,0
C00643,43,75.91,Month-to-month,No,Bank transfer,2,0,0
C00644,23,52.12,One year,Fiber optic,Credit card,1,0,0
C00645,55,42.01,Month-to-month,Fiber optic,Bank transfer,2,0,0
C00646,16,55.05,Month-to-month,DSL,Credit card,0,0,0
C00647,8,57.25,Month-to-month,DSL,Bank transfer,3,0,0
C00648,4,26.87,Month-to-month,Fiber optic,Credit card,0,0,0
C00649,4,56.96,Month-to-month,DSL,Mailed check,3,0,1
C00650,56,66.42,Two year,Fiber optic,Electronic check,2,0,0
C00651,25,92.27,Month-to-month,DSL,Electronic check,0,0,0
C00652,67,85.67,Month-to-month,,Credit card,0,0,0
C00653,67,90.88,One year,Fiber optic,Bank transfer,1,0,0
C00654,27,20.84,Month-to-month,Fiber optic,Mailed check,1,0,1
C00655,32,41.77,Month-to-month,Fiber optic,Bank transfer,1,0,1
C00656,50,86.17,Two year,DSL,Electronic check,1,0,0
C00657,61,68.4,One year,No,Electronic check,1,1,0
C00658,51,20.53,One year,Fiber optic,Bank transfer,4,0,0
C00659,19,100.45,One year,Fiber optic,Credit card,5,0,1
C00660,21,97.28,Month-to-month,Fiber optic,Credit card,0,0,1
C00661,5,74.84,One year,DSL,Bank transfer,0,0,0
C00662,42,26.65,Month-to-month,No,Electronic check,0,1,1
C00663,61,96.65,Month-to-month,Fiber optic,Bank transfer,4,1,1
C00664,22,78.37,Month-to-month,Fiber optic,Electronic check,1,0,0
C00665,21,98.2,Month-to-month,DSL,Bank transfer,3,0,1
C00666,70,95.17,Month-to-month,No,Credit card,1,0,0
C00667,1,100.3,Two year,Fiber optic,Mailed check,1,0,0
C00668,5,71.8,Month-to-month,DSL,Electronic check,2,0,1
C00669,12,34.03,Month-to-month,DSL,Mailed check,2,0,1
C00670,46,87.12,Month-to-month,No,Credit card,1,0,0
C00671,34,82.05,Month-to-month,Fiber optic,Bank transfer,0,1,0
C00672,49,94.23,One year,Fiber optic,Credit card,1,1,0
C00673,45,36.99,Month-to-month,Fiber optic,Mailed check,2,1,1
C00674,27,39.5,Month-to-month,Fiber optic,Credit card,2,0,0
C00675,26,109.04,Month-to-month,Fiber optic,Credit card,0,0,1
C00676,47,95.0,One year,DSL,Bank transfer,1,0,0
C00677,56,110.82,Month-to-month,Fiber optic,Mailed check,2,0,1
C00678,63,95.87,Month-to-month,No,Mailed check,3,0,0
C00679,48,79.72,Month-to-month,DSL,Mailed check,3,0,1
C00680,61,85.41,Month-to-month,Fiber optic,Electronic check,0,0,0
C00681,26,108.91,Month-to-month,Fiber optic,Credit card,1,0,1
C00682,36,77.88,One year,Fiber optic,Mailed check,2,0,0
C00683,1,83.24,One year,No,Credit card,2,0,1
C00684,8,35.65,Two year,Fiber optic,Bank transfer,3,0,0
C00685,52,67.39,Month-to-month,DSL,Bank transfer,1,0,0
C00686,47,91.64,Month-to-month,No,Electronic check,1,0,0
C00687,56,47.09,Month-to-month,Fiber optic,Electronic check,2,1,1
C00688,14,40.23,Two year,No,Bank transfer,2,0,0
C00689,28,51.38,One year,Fiber optic,Mailed check,1,0,0
C00690,2,44.15,One year,No,Bank transfer,0,0,0
C00691,26,41.49,Month-to-month,DSL,Credit card,0,0,0
C00692,14,62.49,Month-to-month,DSL,Electronic check,2,0,0
C00693,59,110.78,Month-to-month,No,Electronic check,1,1,0
C00694,56,70.71,One year,DSL,Bank transfer,1,1,0
C00695,7,38.79,Two year,DSL,Mailed check,1,0,0
C00696,3,27.7,Two year,Fiber optic,Mailed check,1,0,1
C00697,23,89.62,Month-to-month,No,Credit card,2,0,1
C00698,18,58.28,Month-to-month,DSL,Electronic check,0,0,1
C00699,38,102.18,Two year,No,Bank transfer,2,0,1
C00700,15,85.95,One year,Fiber optic,Bank transfer,1,0,0
C00701,64,99.62,Month-to-month,Fiber optic,Electronic check,1,0,0
C00702,28,47.19,Month-to-month,No,Bank transfer,2,0,1
C00703,39,89.24,Month-to-month,Fiber optic,Electronic check,2,0,1
C00704,57,46.41,Month-to-month,DSL,Mailed check,1,0,0
C00705,17,113.91,Month-to-month,DSL,Mailed check,1,0,0
C00706,44,83.64,One year,Fiber optic,Bank transfer,0,0,0
C00707,25,52.45,Month-to-month,Fiber optic,Mailed check,1,0,1
C00708,17,46.95,Month-to-month,No,Mailed check,1,0,0
C00709,13,39.09,Month-to-month,Fiber optic,Credit card,1,0,1
C00710,25,89.46,Two year,Fiber optic,Electronic check,2,0,0
C00711,68,41.87,One year,Fiber optic,Electronic check,1,0,0
C00712,10,79.53,Month-to-month,DSL,Bank transfer,0,0,1
C00713,67,46.46,Two year,DSL,Electronic check,1,0,0
C00714,18,86.2,Two year,No,Credit card,3,0,0
C00715,34,101.49,Month-to-month,DSL,Bank transfer,3,0,1
C00716,8,97.8,Month-to-month,DSL,Bank transfer,0,0,1
C00717,40,96.09,One year,Fiber optic,Electronic check,2,0,0
C00718,42,38.77,Two year,Fiber optic,Mailed check,0,0,0
C00719,41,28.84,Two year,No,Mailed check,2,1,0
C00720,6,89.89,Two year,DSL,Mailed check,3,0,0
C00721,52,56.83,One year,DSL,Mailed check,0,0,0
C00722,26,63.23,Month-to-month,DSL,Credit card,1,0,1
C00723,64,23.11,Month-to-month,Fiber optic,Bank transfer,1,0,0
C00724,59,45.96,Month-to-month,Fiber optic,Mailed check,1,0,0
C00725,56,23.37,Month-to-month,Fiber optic,Credit card,0,0,1
C00726,59,107.92,One year,No,Bank transfer,1,0,0
C00727,70,44.34,One year,No,Electronic check,2,0,0
C00728,33,75.73,One year,DSL,Electronic check,2,0,0
C00729,53,23.9,Month-to-month,Fiber optic,Credit card,2,0,0
C00730,22,,One year,Fiber optic,Bank transfer,2,1,1
C00731,21,52.3,Month-to-month,No,Mailed check,2,0,1
C00732,70,109.79,Month-to-month,No,Bank transfer,0,0,0
C00733,70,108.81,One year,DSL,Mailed check,3,1,0
C00734,4,52.53,One year,Fiber optic,Credit card,2,0,1
C00735,62,110.1,Two year,Fiber optic,Mailed check,0,0,0
C00736,62,119.62,Month-to-month,DSL,Credit card,5,1,0
C00737,24,102.54,Month-to-month,DSL,Bank transfer,2,0,1
C00738,55,104.49,Month-to-month,Fiber optic,Bank transfer,1,0,1
C00739,9,44.9,Month-to-month,Fiber optic,Mailed check,2,0,1
C00740,3,77.67,Two year,DSL,Bank transfer,2,0,0
C00741,31,26.73,One year,Fiber optic,Mailed check,1,0,1
C00742,40,29.49,Two year,DSL,Bank transfer,0,0,0
C00743,36,,Month-to-month,Fiber optic,Electronic check,1,1,1
C00744,24,52.66,Two year,DSL,Mailed check,3,1,0
C00745,6,94.82,Month-to-month,DSL,Credit card,0,1,1
C00746,66,100.67,Two year,Fiber optic,Electronic check,1,0,0
C00747,4,105.8,Month-to-month,DSL,Credit card,3,1,1
C00748,6,119.76,Month-to-month,Fiber optic,Bank transfer,1,0,0
C00749,51,44.15,Month-to-month,DSL,Electronic check,0,0,1
C00750,62,24.04,Two year,Fiber optic,Bank transfer,1,0,0
C00751,57,61.12,Month-to-month,DSL,Mailed check,1,0,0
C00752,66,33.01,Month-to-month,Fiber optic,Credit card,0,0,0
C00753,8,22.24,Two year,Fiber optic,Bank transfer,1,0,0
C00754,26,56.04,Month-to-month,DSL,Credit card,0,0,0
C00755,51,98.37,Month-to-month,Fiber optic,Credit card,1,0,1
C00756,45,,Month-to-month,DSL,Bank transfer,1,0,0
C00757,44,51.28,Month-to-month,,Mailed check,2,1,0
C00758,5,85.43,Two year,,Credit card,2,0,1
C00759,70,43.2,One year,Fiber optic,Bank transfer,2,0,0
C00760,26,21.44,Month-to-month,Fiber optic,Mailed check,1,0,0
C00761,68,96.44,Two year,No,Bank transfer,1,0,0
C00762,19,82.37,Month-to-month,,Mailed check,1,1,1
C00763,20,96.23,Month-to-month,Fiber optic,Credit card,1,0,1
C00764,12,23.89,Month-to-month,Fiber optic,Electronic check,3,0,0
C00765,47,,Month-to-month,No,Bank transfer,2,0,0
C00766,1,81.95,Month-to-month,Fiber optic,Credit card,3,1,1
C00767,14,76.34,Two year,DSL,Bank transfer,2,0,0
C00768,64,82.46,One year,No,Bank transfer,3,0,1
C00769,38,106.44,Month-to-month,Fiber optic,Mailed check,1,0,1
C00770,37,78.69,One year,No,Bank transfer,2,0,0
C00771,11,78.1,One year,No,Mailed check,1,1,0
C00772,3,119.07,Two year,DSL,Credit card,0,1,0
C00773,33,95.67,Two year,Fiber optic,Bank transfer,1,1,0
C00774,6,64.23,Month-to-month,DSL,Credit card,1,1,1
C00775,50,90.74,One year,DSL,Electronic check,3,0,0
C00776,10,58.92,One year,DSL,Credit card,2,0,1
C00777,5,42.89,One year,Fiber optic,Bank transfer,1,1,0
C00778,23,79.69,Month-to-month,DSL,Electronic check,1,0,0
C00779,10,112.82,Month-to-month,DSL,Mailed check,2,0,0
C00780,44,112.91,Month-to-month,Fiber optic,Electronic check,0,0,1
C00781,2,54.19,Month-to-month,DSL,Bank transfer,3,1,0
C00782,13,72.77,Month-to-month,DSL,Bank transfer,0,0,0
C00783,40,,One year,DSL,Credit card,1,1,0
C00784,2,119.56,Month-to-month,Fiber optic,Mailed check,0,0,1
C00785,65,118.11,One year,Fiber optic,Bank transfer,1,0,0
C00786,63,84.95,Month-to-month,DSL,Bank transfer,0,0,0
C00787,17,100.44,Two year,No,Mailed check,1,0,1
C00788,9,91.51,Month-to-month,Fiber optic,Mailed check,0,0,1
C00789,15,79.32,Month-to-month,DSL,Credit card,0,0,0
C00790,24,25.33,One year,DSL,Electronic check,0,0,0
C00791,38,65.48,Two year,Fiber optic,Mailed check,2,0,0
C00792,35,87.48,Two year,Fiber optic,Bank transfer,1,0,1
C00793,49,87.75,Month-to-month,DSL,Mailed check,0,0,0
C00794,69,57.31,Month-to-month,DSL,Bank transfer,0,0,0
C00795,62,114.17,Two year,No,Credit card,2,0,0
C00796,60,36.74,Month-to-month,DSL,Electronic check,1,0,1
C00797,50,70.04,One year,Fiber optic,Credit card,1,0,0
C00798,9,89.09,Month-to-month,No,Mailed check,2,0,1
C00799,34,89.71,Month-to-month,Fiber optic,Bank transfer,3,0,1
C00800,35,84.86,Month-to-month,DSL,Mailed check,0,0,0
C00801,1,47.53,Month-to-month,Fiber optic,Mailed check,2,0,1
C00802,40,35.62,One year,DSL,Mailed check,1,0,0
C00803,64,83.59,Two year,Fiber optic,Mailed check,1,0,0
C00804,22,79.93,Month-to-month,Fiber optic,Electronic check,1,0,1
C00805,60,37.94,Two year,No,Bank transfer,3,0,0
C00806,64,90.51,Month-to-month,No,Mailed check,2,0,1
C00807,11,65.52,Month-to-month,No,Bank transfer,0,0,0
C00808,14,86.78,Month-to-month,No,Electronic check,1,0,0
C00809,60,103.74,Two year,Fiber optic,Bank transfer,1,1,0
C00810,30,36.97,One year,,Bank transfer,1,1,0
C00811,35,21.91,One year,Fiber optic,Electronic check,0,1,0
C00812,37,97.91,Two year,Fiber optic,Mailed check,1,0,1
C00813,5,80.97,One year,No,Bank transfer,1,0,1
C00814,26,89.96,Two year,DSL,Credit card,4,0,0
C00815,62,103.82,One year,No,Bank transfer,1,0,0
C00816,4,100.28,Two year,No,Mailed check,2,0,0
C00817,42,116.09,Month-to-month,No,Credit card,1,0,0
C00818,18,73.59,Month-to-month,No,Mailed check,1,0,0
C00819,40,68.85,Month-to-month,DSL,Bank transfer,1,1,0
C00820,39,60.19,Month-to-month,DSL,Electronic check,2,0,0
C00821,14,35.37,One year,DSL,Mailed check,0,0,0
C00822,32,77.26,Month-to-month,DSL,Mailed check,0,0,0
C00823,51,47.7,One year,Fiber optic,Electronic check,2,0,0
C00824,38,112.13,Month-to-month,No,Bank transfer,2,0,1
C00825,23,78.32,Month-to-month,No,Mailed check,2,0,0
C00826,63,79.28,Month-to-month,Fiber optic,Bank transfer,2,0,0
C00827,15,55.49,Two year,DSL,Bank transfer,4,0,0
C00828,25,25.2,Month-to-month,DSL,Bank transfer,0,0,1
C00829,17,23.17,Month-to-month,DSL,Electronic check,2,0,1
C00830,66,62.33,One year,Fiber optic,Bank transfer,0,0,0
C00831,53,28.46,One year,Fiber optic,Bank transfer,0,0,1
C00832,51,80.68,Month-to-month,DSL,Credit card,1,0,0
C00833,39,108.1,Month-to-month,DSL,Credit card,2,0,1
C00834,51,108.29,Month-to-month,DSL,Credit card,0,0,0
C00835,70,85.9,Two year,Fiber optic,Mailed check,0,0,0
C00836,6,41.12,Month-to-month,Fiber optic,Mailed check,0,1,1
C00837,67,106.3,Month-to-month,Fiber optic,Credit card,0,1,0
C00838,7,108.61,Month-to-month,Fiber optic,Electronic check,1,1,0
C00839,51,39.67,Month-to-month,No,Electronic check,0,0,0
C00840,42,93.74,One year,DSL,Credit card,0,0,0
C00841,64,48.65,Month-to-month,Fiber optic,Mailed check,0,0,0
C00842,15,100.26,Month-to-month,Fiber optic,Mailed check,4,0,1
C00843,29,,Month-to-month,Fiber optic,Electronic check,1,1,0
C00844,33,23.0,Month-to-month,No,Bank transfer,1,0,1
C00845,27,109.74,Month-to-month,Fiber optic,Electronic check,1,1,0
C00846,36,82.26,Two year,Fiber optic,Bank transfer,1,0,0
C00847,29,117.34,One year,DSL,Mailed check,1,0,0
C00848,38,66.5,Two year,Fiber optic,Mailed check,2,1,0
C00849,57,104.74,Two year,DSL,Credit card,2,0,0
C00850,27,26.24,One year,,Mailed check,3,1,0
C00851,55,53.53,Month-to-month,Fiber optic,Bank transfer,2,0,1
C00852,33,26.7,One year,Fiber optic,Electronic check,1,0,0
C00853,68,117.53,Two year,DSL,Credit card,0,0,0
C00854,66,101.7,One year,Fiber optic,Bank transfer,2,1,0
C00855,10,105.25,Month-to-month,Fiber optic,Electronic check,0,0,1
C00856,5,113.8,Month-to-month,DSL,Electronic check,1,0,0
C00857,38,28.51,Two year,Fiber optic,Electronic check,3,0,0
C00858,13,58.56,One year,Fiber optic,Mailed check,3,0,0
C00859,31,27.1,Two year,Fiber optic,Electronic check,1,0,0
C00860,47,41.08,Month-to-month,Fiber optic,Mailed check,1,0,0
C00861,52,42.94,Month-to-month,DSL,Electronic check,0,0,0
C00862,56,66.91,Month-to-month,Fiber optic,Electronic check,0,0,1
C00863,15,46.86,One year,No,Mailed check,0,0,0
C00864,29,30.1,Month-to-month,Fiber optic,Mailed check,0,0,1
C00865,8,36.75,Month-to-month,,Bank transfer,1,1,0
C00866,5,34.73,Two year,Fiber optic,Electronic check,1,0,1
C00867,29,,Month-to-month,No,Mailed check,2,1,1
C00868,47,95.93,Two year,DSL,Bank transfer,1,0,0
C00869,68,116.78,Month-to-month,No,Bank transfer,2,0,0
C00870,45,63.97,Two year,No,Mailed check,1,1,0
C00871,2,47.84,One year,DSL,Electronic check,1,0,0
C00872,27,99.83,Two year,No,Bank transfer,1,0,1
C00873,36,52.63,Two year,Fiber optic,Electronic check,0,1,0
C00874,36,49.94,Month-to-month,,Electronic check,0,0,0
C00875,26,43.25,Month-to-month,Fiber optic,Bank transfer,0,1,0
C00876,43,32.97,Month-to-month,Fiber optic,Mailed check,1,0,1
C00877,27,45.65,One year,Fiber optic,Electronic check,1,0,0
C00878,69,55.53,Two year,Fiber optic,Credit card,0,0,0
C00879,20,87.4,Month-to-month,DSL,Mailed check,1,0,0
C00880,11,26.26,One year,Fiber optic,Bank transfer,1,0,0
C00881,38,41.05,Month-to-month,DSL,Credit card,1,0,0
C00882,6,100.9,Two year,DSL,Electronic check,2,0,0
C00883,23,34.69,Two year,DSL,Mailed check,1,0,0
C00884,47,54.26,Month-to-month,Fiber optic,Credit card,0,0,0
C00885,46,106.47,Month-to-month,DSL,Mailed check,3,1,1
C00886,12,35.49,Month-to-month,DSL,Electronic check,1,0,1
C00887,13,28.27,One year,DSL,Mailed check,0,0,0
C00888,62,68.45,Month-to-month,DSL,Credit card,3,1,1
C00889,60,50.24,Month-to-month,Fiber optic,Mailed check,0,0,1
C00890,43,76.34,Month-to-month,No,Bank transfer,3,1,1
C00891,68,100.38,Month-to-month,DSL,Bank transfer,2,0,1
C00892,5,33.71,Month-to-month,No,Credit card,2,0,0
C00893,37,78.07,One year,Fiber optic,Mailed check,0,0,0
C00894,31,70.55,Month-to-month,Fiber optic,Credit card,1,0,0
C00895,9,34.41,One year,Fiber optic,Mailed check,1,1,0
C00896,51,82.4,One year,No,Electronic check,0,0,0
C00897,29,47.36,Month-to-month,DSL,Bank transfer,2,0,0
C00898,40,68.78,Month-to-month,Fiber optic,Electronic check,1,0,0
C00899,41,28.23,One year,Fiber optic,Mailed check,0,0,1
C00900,11,65.96,Two year,Fiber optic,Electronic check,0,0,1
C00901,23,50.65,Month-to-month,No,Credit card,0,0,1
C00902,1,102.24,Month-to-month,DSL,Credit card,4,1,1
C00903,46,25.7,Month-to-month,Fiber optic,Mailed check,5,1,1
C00904,21,61.86,One year,Fiber optic,Bank transfer,3,0,1
C00905,36,65.84,Month-to-month,Fiber optic,Credit card,2,0,1
C00906,54,92.5,Month-to-month,DSL,Bank transfer,1,0,1
C00907,57,,One year,Fiber optic,Mailed check,1,0,0
C00908,1,,One year,No,Bank transfer,1,0,1
C00909,63,97.7,Month-to-month,Fiber optic,Mailed check,1,0,1
C00910,54,106.22,Month-to-month,No,Electronic check,0,0,0
C00911,55,51.39,One year,,Mailed check,0,1,0
C00912,40,73.8,Month-to-month,DSL,Electronic check,0,0,0
C00913,15,104.01,Month-to-month,DSL,Mailed check,2,0,0
C00914,21,118.95,Two year,DSL,Credit card,0,0,0
C00915,47,108.95,Month-to-month,Fiber optic,Credit card,1,0,1
C00916,53,57.15,One year,DSL,Bank transfer,2,0,0
C00917,9,39.52,Two year,Fiber optic,Mailed check,0,0,0
C00918,52,68.94,Month-to-month,Fiber optic,Mailed check,1,0,0
C00919,57,94.16,Month-to-month,DSL,Mailed check,0,1,0
C00920,26,69.26,One year,DSL,Bank transfer,0,1,0
C00921,41,68.32,Two year,DSL,Credit card,2,0,0
C00922,35,103.82,Two year,Fiber optic,Mailed check,1,0,0
C00923,63,,One year,DSL,Bank transfer,1,0,0
C00924,25,105.98,Month-to-month,DSL,Mailed check,2,1,1
C00925,38,,One year,No,Electronic check,0,1,0
C00926,2,52.82,Month-to-month,No,Mailed check,0,0,1
C00927,7,65.4,Month-to-month,DSL,Electronic check,0,0,0
C00928,34,96.24,Month-to-month,Fiber optic,Bank transfer,2,0,0
C00929,17,32.6,Month-to-month,Fiber optic,Bank transfer,0,0,1
C00930,43,39.64,One year,Fiber optic,Credit card,2,0,0
C00931,59,115.14,Month-to-month,Fiber optic,Mailed check,1,0,0
C00932,51,37.55,Month-to-month,DSL,Bank transfer,1,0,0
C00933,54,76.77,Month-to-month,Fiber optic,Credit card,2,0,1
C00934,24,77.93,Two year,Fiber optic,Mailed check,0,1,0
C00935,25,68.96,One year,DSL,Bank transfer,3,0,1
C00936,71,84.47,Month-to-month,Fiber optic,Electronic check,1,0,0
C00937,52,42.98,Month-to-month,Fiber optic,Bank transfer,1,0,0
C00938,70,75.27,Month-to-month,DSL,Electronic check,0,0,0
C00939,33,57.22,Two year,DSL,Credit card,5,0,1
C00940,49,86.17,One year,Fiber optic,Credit card,0,0,0
C00941,29,34.12,Month-to-month,DSL,Mailed check,0,1,1
C00942,63,77.09,One year,Fiber optic,Mailed check,1,0,0
C00943,22,38.53,Month-to-month,DSL,Mailed check,1,0,0
C00944,26,47.86,Two year,DSL,Credit card,2,0,0
C00945,28,41.87,Month-to-month,Fiber optic,Electronic check,0,0,1
C00946,49,38.28,Month-to-month,Fiber optic,Mailed check,1,1,1
C00947,71,102.57,Month-to-month,No,Mailed check,1,0,0
C00948,49,48.57,Month-to-month,Fiber optic,Credit card,0,0,0
C00949,20,112.71,Two year,DSL,Electronic check,2,0,0
C00950,63,116.99,Month-to-month,Fiber optic,Bank transfer,1,0,0
C00951,61,77.13,Two year,Fiber optic,Mailed check,0,1,0
C00952,49,34.3,One year,DSL,Bank transfer,1,0,0
C00953,71,57.45,Month-to-month,No,Bank transfer,1,0,0
C00954,1,99.77,Month-to-month,DSL,Mailed check,0,0,1
C00955,13,56.74,Month-to-month,No,Credit card,1,0,1
C00956,51,28.7,One year,No,Mailed check,4,0,0
C00957,56,75.68,Month-to-month,Fiber optic,Electronic check,3,0,0
C00958,62,104.51,Month-to-month,No,Electronic check,1,0,0
C00959,32,99.59,Month-to-month,Fiber optic,Mailed check,1,0,1
C00960,30,37.51,One year,DSL,Bank transfer,0,0,0
C00961,29,87.28,Month-to-month,Fiber optic,Electronic check,1,0,1
C00962,49,42.05,Month-to-month,,Electronic check,0,0,0
C00963,45,41.82,Month-to-month,Fiber optic,Mailed check,0,0,0
C00964,30,107.41,Month-to-month,Fiber optic,Mailed check,1,0,0
C00965,16,44.97,Two year,Fiber optic,Credit card,1,1,0
C00966,40,46.32,Month-to-month,DSL,Mailed check,1,0,0
C00967,19,20.07,Two year,Fiber optic,Mailed check,1,1,0
C00968,18,107.07,One year,No,Electronic check,5,0,0
C00969,1,99.26,One year,DSL,Electronic check,5,0,1
C00970,47,82.73,One year,Fiber optic,Electronic check,3,0,0
C00971,66,95.03,Month-to-month,,Bank transfer,2,1,0
C00972,38,35.2,Month-to-month,Fiber optic,Electronic check,1,0,0
C00973,51,65.83,One year,DSL,Electronic check,2,0,0
C00974,63,55.12,Month-to-month,Fiber optic,Mailed check,1,1,0
C00975,4,29.38,One year,DSL,Credit card,0,1,0
C00976,1,68.61,Month-to-month,DSL,Electronic check,3,0,1
C00977,8,112.07,Two year,No,Credit card,2,1,1
C00978,29,24.01,One year,DSL,Electronic check,0,0,1
C00979,55,49.15,Month-to-month,Fiber optic,Electronic check,0,0,0
C00980,3,40.75,Month-to-month,DSL,Credit card,1,0,1
C00981,32,43.81,One year,Fiber optic,Mailed check,0,0,0
C00982,10,110.84,One year,Fiber optic,Electronic check,3,0,0
C00983,34,66.81,Month-to-month,DSL,Credit card,0,0,0
C00984,55,66.63,Two year,DSL,Electronic check,1,0,0
C00985,32,96.06,Month-to-month,Fiber optic,Bank transfer,2,0,0
C00986,50,35.45,Month-to-month,Fiber optic,Bank transfer,2,1,1
C00987,7,68.73,Two year,Fiber optic,Bank transfer,3,0,0
C00988,8,63.0,Two year,Fiber optic,Bank transfer,1,1,0
C00989,65,,One year,Fiber optic,Mailed check,0,1,0
C00990,57,119.96,Two year,DSL,Bank transfer,1,1,0
C00991,67,96.94,Month-to-month,,Credit card,1,0,0
C00992,59,59.79,Two year,DSL,Electronic check,0,0,0
C00993,54,102.76,Month-to-month,DSL,Credit card,0,0,0
C00994,67,37.07,Month-to-month,DSL,Bank transfer,2,0,0
C00995,51,23.05,Month-to-month,Fiber optic,Mailed check,1,0,0
C00996,8,40.44,Month-to-month,Fiber optic,Bank transfer,1,0,1
C00997,34,54.04,Month-to-month,No,Bank transfer,2,0,0
C00998,35,71.06,Month-to-month,DSL,Mailed check,1,1,0
C00999,32,81.51,Month-to-month,Fiber optic,Mailed check,2,1,1
C01000,46,,Month-to-month,No,Mailed check,1,0,0
C01001,16,70.99,One year,Fiber optic,Mailed check,0,0,0
C01002,68,70.13,Month-to-month,DSL,Mailed check,0,0,0
C01003,37,25.02,Month-to-month,DSL,Mailed check,0,1,1
C01004,54,23.49,One year,,Electronic check,1,0,0
C01005,14,75.12,Two year,DSL,Bank transfer,2,0,1
C01006,55,,One year,Fiber optic,Bank transfer,1,0,0
C01007,48,103.92,Month-to-month,DSL,Mailed check,2,0,0
C01008,7,36.07,One year,DSL,Credit card,0,1,1
C01009,7,22.5,Month-to-month,Fiber optic,Mailed check,4,0,1
C01010,33,64.9,Month-to-month,Fiber optic,Electronic check,1,0,1
C01011,23,43.75,Month-to-month,Fiber optic,Credit card,0,1,1
C01012,19,24.96,Two year,Fiber optic,Electronic check,3,1,0
C01013,19,92.46,Month-to-month,Fiber optic,Credit card,0,1,1
C01014,36,31.16,Month-to-month,DSL,Credit card,2,0,1
C01015,29,80.83,Month-to-month,Fiber optic,Mailed check,1,0,1
C01016,60,,Two year,Fiber optic,Electronic check,3,0,0
C01017,2,37.35,One year,No,Credit card,2,0,0
C01018,1,57.98,Month-to-month,DSL,Electronic check,1,0,1
C01019,47,100.14,One year,Fiber optic,Mailed check,1,0,0
C01020,69,59.21,Month-to-month,DSL,Mailed check,1,0,0
C01021,20,95.08,One year,Fiber optic,Mailed check,1,1,1
C01022,11,32.55,Month-to-month,DSL,Mailed check,1,0,0
C01023,2,97.28,Two year,DSL,Bank transfer,3,1,0
C01024,67,43.69,Month-to-month,No,Credit card,2,0,0
C01025,12,87.74,One year,Fiber optic,Bank transfer,1,0,0
C01026,20,76.58,Month-to-month,Fiber optic,Mailed check,1,0,0
C01027,5,112.91,Month-to-month,DSL,Credit card,1,0,1
C01028,37,58.73,Month-to-month,DSL,Credit card,3,0,0
C01029,38,26.62,Month-to-month,Fiber optic,Electronic check,0,1,1
C01030,9,21.92,Month-to-month,No,Mailed check,1,0,0
C01031,53,,One year,No,Bank transfer,3,1,0
C01032,44,72.47,Month-to-month,Fiber optic,Electronic check,1,0,1
C01033,24,97.52,One year,Fiber optic,Credit card,1,1,0
C01034,30,43.44,Two year,No,Bank transfer,1,0,0
C01035,59,54.51,One year,Fiber optic,Mailed check,1,0,0
C01036,14,23.01,One year,Fiber optic,Bank transfer,2,0,0
C01037,9,116.15,One year,DSL,Bank transfer,1,0,0
C01038,40,86.79,Month-to-month,Fiber optic,Bank transfer,1,1,1
C01039,66,113.32,Two year,Fiber optic,Electronic check,1,0,0
C01040,25,46.55,Month-to-month,No,Credit card,0,0,0
C01041,22,81.15,One year,,Bank transfer,2,0,0
C01042,4,87.85,One year,DSL,Credit card,2,0,0
C01043,26,51.75,Month-to-month,Fiber optic,Electronic check,2,0,1
C01044,58,104.81,Month-to-month,No,Mailed check,2,0,0
C01045,29,114.72,Month-to-month,DSL,Mailed check,3,0,0
C01046,37,108.49,Two year,DSL,Bank transfer,2,0,0
C01047,70,93.91,Two year,DSL,Electronic check,2,0,0
C01048,18,47.75,Month-to-month,Fiber optic,Mailed check,1,0,1
C01049,42,48.16,One year,,Electronic check,3,1,0
C01050,41,116.34,Two year,Fiber optic,Electronic check,1,1,1
C01051,38,21.03,Month-to-month,DSL,Bank transfer,3,0,0
C01052,34,91.6,Month-to-month,,Bank transfer,1,0,0
C01053,17,90.62,One year,DSL,Electronic check,1,0,0
C01054,37,82.27,Two year,DSL,Electronic check,1,0,0
C01055,25,119.01,Two year,Fiber optic,Bank transfer,1,0,0
C01056,27,51.19,Month-to-month,Fiber optic,Electronic check,2,1,0
C01057,57,54.0,Month-to-month,DSL,Bank transfer,0,0,1
C01058,31,27.89,Month-to-month,DSL,Credit card,0,0,0
C01059,6,64.28,Month-to-month,DSL,Electronic check,3,0,1
C01060,40,46.1,Month-to-month,Fiber optic,Bank transfer,4,0,1
C01061,12,54.34,One year,Fiber optic,Electronic check,1,0,0
C01062,53,103.46,Month-to-month,Fiber optic,Bank transfer,0,0,0
C01063,71,113.55,Two year,Fiber optic,Electronic check,3,0,0
C01064,10,38.57,Month-to-month,Fiber optic,Mailed check,0,0,0
C01065,45,57.25,One year,DSL,Mailed check,0,1,0
C01066,17,112.86,Month-to-month,No,Electronic check,1,0,1
C01067,26,26.18,Month-to-month,No,Mailed check,1,0,1
C01068,62,29.24,Month-to-month,DSL,Electronic check,3,0,0
C01069,46,36.28,Two year,DSL,Electronic check,0,1,0
C01070,64,79.52,Two year,DSL,Credit card,2,1,0
C01071,2,35.05,Month-to-month,DSL,Credit card,1,0,1
C01072,54,116.81,Month-to-month,Fiber optic,Mailed check,2,0,1
C01073,65,64.67,Two year,Fiber optic,Credit card,0,0,0
C01074,51,70.15,Month-to-month,Fiber optic,Credit card,1,0,0
C01075,53,,Month-to-month,Fiber optic,Electronic check,2,0,1
C01076,36,67.1,One year,Fiber optic,Bank transfer,1,0,0
C01077,26,86.19,Two year,Fiber optic,Electronic check,0,0,1
C01078,29,95.12,Month-to-month,DSL,Credit card,3,0,0
C01079,21,95.39,Month-to-month,DSL,Electronic check,0,0,1
C01080,11,77.79,Two year,Fiber optic,Mailed check,0,0,0
C01081,40,110.44,Month-to-month,DSL,Bank transfer,2,0,0
C01082,11,101.74,Month-to-month,DSL,Credit card,0,0,1
C01083,36,95.7,One year,No,Credit card,0,0,0
C01084,59,25.56,Two year,Fiber optic,Electronic check,1,0,0
C01085,39,20.69,Month-to-month,DSL,Electronic check,5,0,0
C01086,54,41.24,Two year,Fiber optic,Electronic check,1,0,0
C01087,55,86.35,One year,Fiber optic,Electronic check,0,0,0
C01088,24,,Month-to-month,DSL,Credit card,0,0,1
C01089,22,60.24,Two year,DSL,Electronic check,1,0,1
C01090,69,108.46,Month-to-month,No,Credit card,0,0,0
C01091,56,109.56,Month-to-month,,Electronic check,2,1,0
C01092,33,110.92,One year,DSL,Bank transfer,1,0,0
C01093,36,51.39,Month-to-month,Fiber optic,Bank transfer,0,0,0
C01094,20,89.11,Month-to-month,Fiber optic,Electronic check,1,0,0
C01095,62,47.16,Month-to-month,DSL,Electronic check,4,1,0
C01096,26,39.06,Month-to-month,DSL,Mailed check,0,1,0
C01097,66,38.46,Two year,DSL,Bank transfer,1,0,0
C01098,40,54.21,One year,No,Credit card,0,0,0
C01099,17,63.0,Two year,DSL,Bank transfer,0,0,0
C01100,1,103.09,Month-to-month,Fiber optic,Credit card,1,1,1
C01101,61,31.99,Month-to-month,No,Electronic check,0,0,0
C01102,43,93.49,Month-to-month,DSL,Bank transfer,2,1,1
C01103,42,73.15,Month-to-month,No,Bank transfer,1,0,0
C01104,25,48.79,Month-to-month,No,Mailed check,0,0,0
C01105,39,69.28,One year,No,Mailed check,0,1,0
C01106,35,49.99,Two year,DSL,Bank transfer,2,0,0
C01107,3,79.61,Two year,Fiber optic,Bank transfer,2,1,1
C01108,44,63.38,Month-to-month,Fiber optic,Bank transfer,1,0,1
C01109,51,36.44,Two year,No,Credit card,0,1,0
C01110,12,31.66,Month-to-month,DSL,Electronic check,3,0,1
C01111,19,74.67,Month-to-month,Fiber optic,Mailed check,2,0,1
C01112,44,,Two year,DSL,Electronic check,2,0,1
C01113,59,54.4,One year,DSL,Mailed check,3,0,0
C01114,49,93.3,Month-to-month,Fiber optic,Mailed check,2,0,1
C01115,61,85.87,Month-to-month,Fiber optic,Mailed check,2,1,0
C01116,17,113.16,Month-to-month,Fiber optic,Bank transfer,3,0,1
C01117,57,102.1,One year,Fiber optic,Mailed check,1,0,0
C01118,55,76.66,Month-to-month,No,Electronic check,2,1,0
C01119,47,,Two year,Fiber optic,Mailed check,0,0,0
C01120,12,109.84,Month-to-month,Fiber optic,Electronic check,1,0,0
C01121,62,59.95,Month-to-month,Fiber optic,Mailed check,2,0,1
C01122,8,52.68,Month-to-month,Fiber optic,Mailed check,2,1,0
C01123,21,21.08,Month-to-month,Fiber optic,Bank transfer,0,0,0
C01124,70,102.66,Month-to-month,No,Electronic check,3,0,0
C01125,25,100.1,One year,Fiber optic,Mailed check,0,1,1
C01126,12,30.45,Two year,Fiber optic,Mailed check,0,0,0
C01127,15,,Two year,DSL,Electronic check,0,0,0
C01128,59,66.4,Two year,DSL,Mailed check,1,0,0
C01129,26,31.87,Two year,Fiber optic,Credit card,1,1,1
C01130,26,118.06,One year,DSL,Bank transfer,2,0,0
C01131,47,41.47,Two year,DSL,Electronic check,1,0,0
C01132,32,26.72,Month-to-month,Fiber optic,Bank transfer,0,0,0
C01133,10,79.48,Month-to-month,DSL,Credit card,1,0,1
C01134,16,93.89,Month-to-month,DSL,Credit card,3,0,1
C01135,71,23.24,Month-to-month,Fiber optic,Credit card,1,0,1
C01136,17,85.87,Month-to-month,Fiber optic,Electronic check,2,0,1
C01137,23,73.23,Two year,No,Credit card,3,0,1
C01138,26,30.33,Month-to-month,Fiber optic,Electronic check,2,0,0
C01139,7,37.25,Month-to-month,Fiber optic,Electronic check,1,0,1
C01140,14,76.8,Month-to-month,,Mailed check,0,0,0
C01141,7,49.64,Month-to-month,,Electronic check,4,0,1
C01142,9,113.83,Month-to-month,DSL,Credit card,0,0,1
C01143,48,101.87,Month-to-month,DSL,Electronic check,1,0,1
C01144,59,118.36,Month-to-month,Fiber optic,Electronic check,2,0,0
C01145,39,45.97,Month-to-month,Fiber optic,Bank transfer,0,0,0
C01146,18,116.97,One year,Fiber optic,Credit card,3,0,1
C01147,59,,One year,Fiber optic,Electronic check,1,0,1
C01148,17,54.75,Month-to-month,Fiber optic,Mailed check,0,0,0
C01149,14,25.03,Month-to-month,No,Electronic check,1,0,0
C01150,31,25.28,Month-to-month,Fiber optic,Electronic check,0,0,0
C01151,24,89.2,One year,DSL,Bank transfer,1,1,0
C01152,60,65.79,Month-to-month,No,Credit card,0,0,0
C01153,45,42.65,Month-to-month,DSL,Credit card,2,0,1
C01154,3,81.4,One year,Fiber optic,Mailed check,1,0,1
C01155,37,45.29,Month-to-month,No,Mailed check,1,0,0
C01156,43,77.76,Month-to-month,Fiber optic,Mailed check,1,0,0
C01157,40,55.92,Month-to-month,Fiber optic,Electronic check,1,0,1
C01158,55,102.36,Two year,Fiber optic,Electronic check,1,0,0
C01159,39,102.07,Two year,Fiber optic,Mailed check,0,0,0
C01160,15,,One year,Fiber optic,Credit card,1,0,1
C01161,4,55.08,Month-to-month,Fiber optic,Credit card,1,0,1
C01162,25,56.26,Month-to-month,Fiber optic,Mailed check,2,0,0
C01163,13,100.57,Two year,Fiber optic,Bank transfer,0,0,1
C01164,33,52.82,Two year,DSL,Credit card,3,1,1
C01165,16,40.91,Month-to-month,Fiber optic,Credit card,1,0,1
C01166,42,28.47,Two year,Fiber optic,Mailed check,0,0,0
C01167,66,66.67,Month-to-month,Fiber optic,Credit card,1,0,0
C01168,55,68.21,Month-to-month,Fiber optic,Electronic check,1,0,0
C01169,42,104.09,One year,Fiber optic,Electronic check,3,1,0
C01170,34,42.12,Month-to-month,Fiber optic,Credit card,2,0,0
C01171,30,58.1,Two year,Fiber optic,Electronic check,0,0,0
C01172,13,100.84,Month-to-month,No,Bank transfer,0,0,1
C01173,13,102.36,Month-to-month,DSL,Credit card,2,0,1
C01174,18,58.46,Two year,No,Mailed check,2,0,0
C01175,32,65.91,Two year,DSL,Electronic check,1,0,0
C01176,39,50.33,Month-to-month,DSL,Bank transfer,0,1,1
C01177,46,113.26,Month-to-month,No,Bank transfer,0,0,1
C01178,29,31.86,One year,DSL,Electronic check,0,0,0
C01179,62,113.37,Month-to-month,Fiber optic,Bank transfer,0,0,1
C01180,62,88.39,Two year,,Credit card,1,0,0
C01181,57,73.16,Two year,No,Bank transfer,0,0,0
C01182,16,23.27,Month-to-month,No,Electronic check,0,0,1
C01183,56,67.56,Month-to-month,DSL,Bank transfer,2,0,0
C01184,10,60.77,Month-to-month,Fiber optic,Electronic check,0,0,0
C01185,30,36.12,Two year,DSL,Electronic check,1,0,0
C01186,25,85.64,Month-to-month,Fiber optic,Bank transfer,0,0,1
C01187,5,117.12,Month-to-month,No,Electronic check,5,1,0
C01188,65,76.22,Month-to-month,Fiber optic,Electronic check,1,1,0
C01189,49,91.48,One year,Fiber optic,Mailed check,1,1,0
C01190,3,26.85,Month-to-month,Fiber optic,Credit card,1,0,1
C01191,45,61.77,Month-to-month,Fiber optic,Electronic check,1,0,1
C01192,14,31.64,Two year,No,Credit card,1,0,0
C01193,30,81.28,Two year,DSL,Mailed check,3,1,0
C01194,68,113.85,One year,Fiber optic,Mailed check,1,0,0
C01195,18,86.18,Month-to-month,No,Mailed check,0,0,1
C01196,62,27.68,Month-to-month,Fiber optic,Mailed check,2,0,1
C01197,37,55.47,One year,DSL,Credit card,0,0,0
C01198,25,75.07,Month-to-month,Fiber optic,Bank transfer,1,0,1
C01199,48,60.32,Two year,,Bank transfer,1,0,0
C01200,65,103.36,One year,DSL,Credit card,1,0,0
C01201,53,101.47,Month-to-month,No,Electronic check,0,1,0
C01202,15,81.18,Two year,Fiber optic,Credit card,2,0,1
C01203,49,57.35,Two year,No,Electronic check,0,1,0
C01204,68,45.53,Month-to-month,No,Electronic check,0,0,1
C01205,12,30.59,Month-to-month,Fiber optic,Bank transfer,2,0,0
C01206,59,,Month-to-month,DSL,Mailed check,3,0,0
C01207,37,61.32,Month-to-month,Fiber optic,Bank transfer,0,0,0
C01208,61,87.58,Month-to-month,DSL,Bank transfer,0,0,0
C01209,43,85.82,One year,No,Credit card,3,0,1
C01210,70,27.01,Two year,DSL,Credit card,0,0,0
C01211,39,59.53,Month-to-month,DSL,Electronic check,0,0,1
C01212,56,38.18,Month-to-month,Fiber optic,Credit card,1,0,0
C01213,63,35.68,One year,DSL,Electronic check,0,0,0
C01214,46,,Month-to-month,DSL,Electronic check,1,0,0
C01215,11,24.19,Two year,Fiber optic,Mailed check,1,0,0
C01216,62,61.92,Month-to-month,DSL,Mailed check,3,0,1
C01217,25,36.82,Month-to-month,DSL,Bank transfer,4,0,1
C01218,71,107.93,Month-to-month,,Mailed check,1,0,1
C01219,52,75.7,One year,Fiber optic,Electronic check,3,0,0
C01220,4,,Month-to-month,Fiber optic,Credit card,1,0,1
C01221,59,70.24,One year,Fiber optic,Mailed check,1,0,0
C01222,20,93.15,Month-to-month,Fiber optic,Mailed check,1,0,1
C01223,63,115.81,Month-to-month,Fiber optic,Mailed check,0,0,0
C01224,54,42.04,Month-to-month,No,Mailed check,2,0,1
C01225,57,108.62,Two year,DSL,Electronic check,1,1,0
C01226,41,113.43,Two year,Fiber optic,Electronic check,2,0,1
C01227,3,111.64,Month-to-month,No,Bank transfer,1,0,1
C01228,6,83.54,Month-to-month,No,Credit card,3,1,1
C01229,5,82.98,Month-to-month,DSL,Bank transfer,1,0,0
C01230,5,60.32,Month-to-month,DSL,Bank transfer,2,0,1
C01231,54,95.24,Month-to-month,Fiber optic,Mailed check,1,1,1
C01232,47,73.13,Two year,DSL,Credit card,0,1,0
C01233,49,87.74,Two year,No,Mailed check,0,0,0
C01234,9,62.85,Month-to-month,,Electronic check,0,0,0
C01235,20,93.15,Month-to-month,Fiber optic,Bank transfer,0,0,1
C01236,61,102.45,Two year,DSL,Credit card,1,0,0
C01237,35,34.64,Two year,Fiber optic,Electronic check,0,0,0
C01238,50,103.29,Month-to-month,Fiber optic,Bank transfer,1,0,1
C01239,62,74.03,Month-to-month,No,Credit card,1,1,0
C01240,17,104.47,Month-to-month,DSL,Bank transfer,2,0,0
C01241,3,63.13,Month-to-month,DSL,Credit card,2,0,1
C01242,32,57.9,Month-to-month,Fiber optic,Bank transfer,0,0,0
C01243,13,111.51,Month-to-month,DSL,Mailed check,1,0,1
C01244,68,45.12,One year,Fiber optic,Bank transfer,1,0,0
C01245,14,104.42,Month-to-month,No,Bank transfer,0,0,0
C01246,11,68.4,Month-to-month,,Credit card,1,0,1
C01247,56,71.41,Month-to-month,No,Credit card,0,0,1
C01248,67,50.85,Two year,DSL,Mailed check,0,0,0
C01249,29,77.3,Two year,DSL,Credit card,0,0,0
C01250,9,52.52,Month-to-month,DSL,Bank transfer,0,0,0
C01251,67,,Month-to-month,DSL,Credit card,1,0,0
C01252,25,47.2,Two year,No,Credit card,0,0,0
C01253,42,20.64,Month-to-month,DSL,Credit card,0,0,1
C01254,9,117.84,Month-to-month,Fiber optic,Mailed check,3,0,1
C01255,40,116.57,Month-to-month,Fiber optic,Mailed check,2,1,0
C01256,25,59.52,Month-to-month,No,Electronic check,5,0,1
C01257,5,92.84,Month-to-month,DSL,Mailed check,1,0,1
C01258,11,54.58,Two year,,Mailed check,1,0,0
C01259,59,87.11,One year,DSL,Mailed check,1,0,0
C01260,38,100.54,Month-to-month,Fiber optic,Bank transfer,1,0,1
C01261,5,114.68,Two year,DSL,Electronic check,1,0,1
C01262,48,60.02,Month-to-month,No,Bank transfer,0,0,0
C01263,18,98.33,Month-to-month,Fiber optic,Mailed check,1,0,0
C01264,70,46.59,One year,Fiber optic,Mailed check,1,0,0
C01265,37,119.03,One year,Fiber optic,Electronic check,0,0,0
C01266,60,22.58,Month-to-month,DSL,Electronic check,2,0,0
C01267,48,80.35,Month-to-month,Fiber optic,Credit card,1,0,0
C01268,28,85.95,One year,No,Mailed check,0,0,0
C01269,69,88.8,One year,No,Mailed check,1,0,0
C01270,40,32.04,One year,No,Bank transfer,2,1,0
C01271,45,113.85,Month-to-month,No,Credit card,1,0,0
C01272,62,38.12,Month-to-month,,Mailed check,1,0,1
C01273,58,82.28,Month-to-month,DSL,Bank transfer,0,0,0
C01274,67,42.27,Month-to-month,DSL,Electronic check,2,0,0
C01275,56,50.72,Two year,DSL,Bank transfer,1,1,0
C01276,40,74.65,Month-to-month,DSL,Mailed check,2,0,0
C01277,40,61.72,Month-to-month,Fiber optic,Bank transfer,0,0,1
C01278,33,36.02,One year,Fiber optic,Bank transfer,1,0,0
C01279,6,37.09,Month-to-month,No,Credit card,1,0,1
C01280,19,61.81,Month-to-month,Fiber optic,Credit card,1,0,1
C01281,40,95.73,Two year,No,Electronic check,1,1,0
C01282,59,109.8,Two year,DSL,Credit card,3,0,0
C01283,59,28.41,One year,DSL,Bank transfer,2,0,0
C01284,48,59.31,Month-to-month,Fiber optic,Credit card,0,0,0
C01285,41,30.02,One year,DSL,Mailed check,4,0,0
C01286,13,21.66,One year,DSL,Bank transfer,2,0,0
C01287,45,86.17,Month-to-month,DSL,Bank transfer,2,0,0
C01288,53,80.24,Month-to-month,DSL,Bank transfer,2,0,1
C01289,42,,Two year,Fiber optic,Mailed check,1,0,0
C01290,63,43.38,Month-to-month,Fiber optic,Bank transfer,3,0,0
C01291,27,22.37,One year,Fiber optic,Credit card,0,0,0
C01292,38,103.49,Month-to-month,Fiber optic,Mailed check,0,0,1
C01293,60,117.47,Month-to-month,Fiber optic,Bank transfer,1,1,1
C01294,7,33.55,Month-to-month,DSL,Credit card,1,0,1
C01295,5,43.15,Two year,DSL,Credit card,1,0,0
C01296,45,106.84,Month-to-month,DSL,Electronic check,1,1,1
C01297,58,112.65,Month-to-month,Fiber optic,Credit card,0,0,1
C01298,31,61.96,One year,Fiber optic,Credit card,1,0,0
C01299,23,25.06,One year,Fiber optic,Electronic check,1,0,0
C01300,42,23.94,Two year,DSL,Electronic check,5,0,0
C01301,10,77.39,Month-to-month,Fiber optic,Mailed check,1,0,1
C01302,32,59.29,Month-to-month,Fiber optic,Credit card,2,0,1
C01303,53,22.87,Two year,,Mailed check,2,1,0
C01304,30,78.33,One year,Fiber optic,Mailed check,2,0,0
C01305,39,21.13,Month-to-month,Fiber optic,Bank transfer,2,0,0
C01306,31,98.74,Month-to-month,Fiber optic,Mailed check,1,0,0
C01307,2,50.64,Two year,Fiber optic,Mailed check,2,0,0
C01308,12,24.03,Month-to-month,DSL,Mailed check,0,0,1
C01309,39,78.84,One year,Fiber optic,Mailed check,1,0,0
C01310,66,59.77,Month-to-month,DSL,Electronic check,2,0,1
C01311,13,117.38,Month-to-month,DSL,Credit card,1,0,0
C01312,46,74.42,One year,No,Bank transfer,3,0,0
C01313,27,47.52,Month-to-month,No,Electronic check,4,1,0
C01314,17,90.94,Month-to-month,DSL,Bank transfer,2,0,1
C01315,60,47.15,Month-to-month,Fiber optic,Bank transfer,1,1,0
C01316,64,110.42,Month-to-month,DSL,Electronic check,0,0,0
C01317,35,57.47,One year,Fiber optic,Mailed check,0,0,0
C01318,70,74.99,Two year,No,Electronic check,0,0,0
C01319,30,25.06,One year,No,Bank transfer,1,1,0
C01320,71,62.61,Month-to-month,Fiber optic,Bank transfer,0,0,0
C01321,63,103.24,Month-to-month,,Mailed check,0,0,0
C01322,28,100.56,Month-to-month,Fiber optic,Electronic check,0,0,0
C01323,60,,Two year,DSL,Credit card,0,0,0
C01324,37,42.61,Two year,No,Bank transfer,4,0,0
C01325,22,101.73,Two year,No,Electronic check,0,0,0
C01326,68,113.04,Month-to-month,Fiber optic,Mailed check,0,0,0
C01327,20,,Month-to-month,DSL,Mailed check,1,0,1
C01328,68,65.01,Month-to-month,DSL,Credit card,1,0,1
C01329,64,53.75,Month-to-month,DSL,Bank transfer,0,0,0
C01330,17,107.07,Month-to-month,No,Credit card,5,0,0
C01331,12,28.35,Two year,Fiber optic,Credit card,1,0,1
C01332,22,41.11,Month-to-month,DSL,Credit card,2,0,0
C01333,17,95.25,Month-to-month,Fiber optic,Credit card,3,0,0
C01334,10,25.13,Month-to-month,No,Mailed check,2,1,1
C01335,65,69.25,Two year,,Bank transfer,0,0,0
C01336,22,64.21,One year,No,Credit card,1,0,0
C01337,50,53.44,One year,No,Bank transfer,1,0,0
C01338,14,59.46,Two year,No,Mailed check,2,0,1
C01339,64,72.99,Month-to-month,Fiber optic,Mailed check,0,0,0
C01340,47,36.14,One year,DSL,Electronic check,1,0,0
C01341,29,77.2,Month-to-month,Fiber optic,Electronic check,2,1,0
C01342,36,,Month-to-month,DSL,Bank transfer,2,0,1
C01343,52,96.02,Two year,DSL,Electronic check,0,0,1
C01344,7,35.39,One year,Fiber optic,Credit card,0,0,0
C01345,29,34.92,Month-to-month,Fiber optic,Bank transfer,2,0,0
C01346,11,46.82,Month-to-month,No,Mailed check,1,0,1
C01347,33,56.11,Month-to-month,DSL,Mailed check,2,1,0
C01348,6,60.85,Month-to-month,Fiber optic,Credit card,2,0,0
C01349,32,87.97,Month-to-month,Fiber optic,Electronic check,2,0,1
C01350,51,25.67,Month-to-month,Fiber optic,Bank transfer,0,0,0
C01351,58,23.47,Month-to-month,No,Bank transfer,1,0,1
C01352,26,59.19,Two year,Fiber optic,Credit card,2,0,0
C01353,46,89.72,Month-to-month,No,Electronic check,1,0,1
C01354,29,39.34,Month-to-month,DSL,Bank transfer,3,0,0
C01355,4,84.15,Month-to-month,Fiber optic,Credit card,2,0,1
C01356,13,45.98,Two year,DSL,Bank transfer,3,0,0
C01357,39,108.61,Month-to-month,DSL,Mailed check,0,0,0
C01358,15,109.57,Month-to-month,DSL,Bank transfer,1,0,1
C01359,29,49.73,Month-to-month,DSL,Bank transfer,1,0,0
C01360,29,43.0,One year,DSL,Bank transfer,0,0,0
C01361,32,61.13,One year,DSL,Electronic check,0,0,0
C01362,2,44.05,Two year,DSL,Electronic check,2,1,1
C01363,47,87.24,Two year,No,Credit card,1,1,0
C01364,22,,One year,DSL,Electronic check,3,1,0
C01365,27,87.31,One year,Fiber optic,Bank transfer,1,0,0
C01366,67,102.44,Month-to-month,DSL,Bank transfer,4,0,0
C01367,56,59.7,Month-to-month,No,Electronic check,1,1,0
C01368,21,35.63,Two year,No,Electronic check,1,0,0
C01369,47,93.8,Month-to-month,Fiber optic,Bank transfer,3,0,1
C01370,59,56.05,Month-to-month,Fiber optic,Bank transfer,0,1,1
C01371,6,87.13,One year,DSL,Mailed check,1,0,0
C01372,19,,Month-to-month,No,Credit card,3,0,0
C01373,57,28.12,One year,No,Electronic check,0,0,0
C01374,69,119.26,One year,No,Credit card,4,0,1
C01375,3,35.62,Month-to-month,Fiber optic,Bank transfer,0,0,1
C01376,1,118.84,Two year,DSL,Credit card,3,0,1
C01377,58,117.73,Month-to-month,No,Electronic check,0,0,1
C01378,38,99.38,Month-to-month,DSL,Electronic check,2,0,1
C01379,15,85.94,Month-to-month,Fiber optic,Credit card,1,0,1
C01380,34,77.78,One year,DSL,Electronic check,1,0,0
C01381,61,106.61,One year,No,Mailed check,1,0,0
C01382,35,48.94,Month-to-month,DSL,Bank transfer,1,0,1
C01383,64,66.77,One year,DSL,Bank transfer,1,0,0
C01384,25,81.94,Month-to-month,Fiber optic,Electronic check,0,0,0
C01385,24,61.12,Two year,Fiber optic,Bank transfer,4,0,0
C01386,12,62.75,Month-to-month,Fiber optic,Mailed check,1,0,1
C01387,18,53.03,One year,DSL,Electronic check,0,0,0
C01388,15,76.42,Month-to-month,DSL,Mailed check,1,0,1
C01389,27,105.06,Month-to-month,Fiber optic,Mailed check,1,0,1
C01390,60,40.15,Month-to-month,No,Bank transfer,1,1,0
C01391,46,113.44,Two year,No,Bank transfer,0,1,0
C01392,17,88.91,Month-to-month,Fiber optic,Credit card,1,0,0
C01393,53,102.33,Two year,No,Mailed check,2,0,0
C01394,8,75.62,Month-to-month,Fiber optic,Bank transfer,3,0,1
C01395,27,97.95,Month-to-month,Fiber optic,Mailed check,1,0,1
C01396,46,21.62,Month-to-month,Fiber optic,Credit card,0,0,0
C01397,50,101.84,Two year,Fiber optic,Mailed check,1,0,0
C01398,71,24.01,Month-to-month,Fiber optic,Electronic check,1,0,0
C01399,3,108.99,Two year,Fiber optic,Credit card,1,0,0
C01400,64,119.2,Two year,DSL,Credit card,1,0,0
C01401,44,49.41,Two year,DSL,Mailed check,0,0,0
C01402,53,41.03,Month-to-month,,Mailed check,0,0,1
C01403,24,96.54,One year,Fiber optic,Bank transfer,0,0,0
C01404,60,45.3,One year,DSL,Electronic check,2,1,0
C01405,3,106.56,Month-to-month,DSL,Credit card,0,0,1
C01406,20,30.28,One year,Fiber optic,Credit card,2,0,0
C01407,46,32.6,Month-to-month,Fiber optic,Credit card,2,1,1
C01408,15,117.92,Month-to-month,Fiber optic,Bank transfer,3,1,1
C01409,25,87.38,Month-to-month,Fiber optic,Electronic check,1,0,0
C01410,71,104.69,Month-to-month,No,Credit card,4,0,0
C01411,17,52.43,Month-to-month,No,Credit card,0,0,0
C01412,9,87.65,Month-to-month,No,Bank transfer,1,0,0
C01413,38,79.42,One year,Fiber optic,Mailed check,1,1,1
C01414,48,80.32,Month-to-month,DSL,Credit card,2,0,1
C01415,60,88.25,Month-to-month,No,Electronic check,0,0,0
C01416,63,77.54,Month-to-month,DSL,Electronic check,3,0,1
C01417,2,62.91,One year,,Electronic check,0,0,0
C01418,11,47.59,One year,Fiber optic,Electronic check,1,0,1
C01419,64,96.86,One year,DSL,Bank transfer,2,0,0
C01420,21,42.63,One year,No,Credit card,1,0,0
C01421,18,89.24,Month-to-month,Fiber optic,Bank transfer,2,0,1
C01422,64,43.33,One year,Fiber optic,Electronic check,1,0,0
C01423,38,82.53,Month-to-month,Fiber optic,Electronic check,1,0,1
C01424,32,94.71,Month-to-month,Fiber optic,Electronic check,2,0,1
C01425,11,41.87,One year,DSL,Bank transfer,0,0,1
C01426,45,25.99,Month-to-month,Fiber optic,Electronic check,1,0,0
C01427,33,33.1,One year,Fiber optic,Credit card,2,0,0
C01428,41,80.6,One year,Fiber optic,Electronic check,0,1,1
C01429,8,104.94,Month-to-month,Fiber optic,Credit card,0,0,1
C01430,11,24.5,Month-to-month,DSL,Credit card,1,1,1
C01431,51,93.42,Month-to-month,DSL,Electronic check,1,0,1
C01432,41,54.13,Two year,DSL,Bank transfer,6,0,0
C01433,17,67.85,One year,Fiber optic,Mailed check,0,0,0
C01434,46,112.89,Month-to-month,No,Mailed check,0,0,0
C01435,32,53.2,Month-to-month,No,Credit card,2,1,0
C01436,54,66.53,One year,Fiber optic,Bank transfer,3,0,0
C01437,20,21.37,Two year,Fiber optic,Mailed check,2,0,0
C01438,33,28.16,Month-to-month,Fiber optic,Electronic check,1,0,0
C01439,40,45.86,Month-to-month,DSL,Electronic check,0,0,0
C01440,32,22.79,Two year,DSL,Credit card,3,0,0
C01441,2,83.14,Month-to-month,No,Bank transfer,1,0,1
C01442,33,62.64,Month-to-month,Fiber optic,Bank transfer,0,0,0
C01443,30,74.81,Two year,No,Mailed check,1,0,0
C01444,33,37.46,One year,DSL,Mailed check,0,0,0
C01445,26,49.59,Month-to-month,Fiber optic,Electronic check,1,0,0
C01446,22,86.38,Month-to-month,DSL,Credit card,3,0,0
C01447,66,116.53,Month-to-month,DSL,Bank transfer,1,0,0
C01448,38,25.04,Month-to-month,Fiber optic,Mailed check,2,0,1
C01449,46,109.04,Two year,DSL,Mailed check,2,0,0
C01450,15,77.69,Month-to-month,DSL,Credit card,1,0,1
C01451,44,76.39,One year,DSL,Credit card,0,0,0
C01452,49,70.03,Two year,DSL,Electronic check,1,0,0
C01453,61,26.94,Month-to-month,Fiber optic,Credit card,2,1,0
C01454,67,28.99,Month-to-month,Fiber optic,Electronic check,1,0,0
C01455,6,80.09,Month-to-month,DSL,Electronic check,0,0,0
C01456,9,54.1,Two year,DSL,Credit card,0,1,0
C01457,6,111.73,Two year,DSL,Credit card,1,1,1
C01458,32,60.66,Month-to-month,Fiber optic,Credit card,1,0,1
C01459,41,34.33,One year,DSL,Credit card,2,0,0
C01460,8,91.47,One year,Fiber optic,Credit card,1,0,1
C01461,50,49.34,Two year,DSL,Electronic check,0,0,0
C01462,62,72.55,Month-to-month,DSL,Mailed check,1,0,1
C01463,62,89.78,Month-to-month,No,Bank transfer,0,0,1
C01464,7,110.03,Two year,Fiber optic,Bank transfer,0,0,0
C01465,4,99.22,Month-to-month,DSL,Electronic check,1,0,1
C01466,6,87.64,Month-to-month,No,Electronic check,0,0,1
C01467,58,87.96,Month-to-month,Fiber optic,Mailed check,1,0,1
C01468,22,114.59,Month-to-month,No,Credit card,2,1,1
C01469,26,49.58,Month-to-month,Fiber optic,Electronic check,3,0,0
C01470,3,20.11,Two year,Fiber optic,Bank transfer,3,0,0
C01471,41,47.2,Month-to-month,No,Credit card,0,1,0
C01472,60,41.79,Month-to-month,DSL,Electronic check,2,1,1
C01473,14,86.18,One year,Fiber optic,Credit card,3,0,0
C01474,12,83.37,Month-to-month,Fiber optic,Bank transfer,2,1,1
C01475,12,79.35,Month-to-month,DSL,Credit card,1,0,1
C01476,13,21.62,One year,DSL,Electronic check,1,0,1
C01477,25,92.88,Two year,DSL,Electronic check,0,0,0
C01478,45,52.35,One year,Fiber optic,Bank transfer,2,0,0
C01479,19,86.51,One year,Fiber optic,Mailed check,0,0,0
C01480,55,75.66,Month-to-month,Fiber optic,Mailed check,1,0,0
C01481,45,54.27,Two year,DSL,Credit card,1,0,0
C01482,8,33.46,Month-to-month,Fiber optic,Electronic check,2,0,1
C01483,53,29.44,One year,No,Electronic check,0,0,0
C01484,55,103.15,Month-to-month,Fiber optic,Bank transfer,3,0,0
C01485,32,111.84,Two year,Fiber optic,Bank transfer,1,0,0
C01486,51,84.98,One year,Fiber optic,Electronic check,0,0,0
C01487,44,30.34,One year,Fiber optic,Bank transfer,0,0,0
C01488,70,60.2,Month-to-month,Fiber optic,Mailed check,1,0,0
C01489,18,92.89,Month-to-month,No,Mailed check,4,0,1
C01490,22,97.98,One year,Fiber optic,Credit card,1,0,0
C01491,37,31.82,One year,No,Bank transfer,0,0,0
C01492,56,20.0,Month-to-month,,Credit card,1,1,1
C01493,59,91.21,Two year,DSL,Bank transfer,3,0,0
C01494,3,55.66,Two year,DSL,Bank transfer,1,0,0
C01495,28,45.45,Month-to-month,Fiber optic,Mailed check,1,0,1
C01496,35,21.29,Two year,Fiber optic,Electronic check,1,0,1
C01497,61,74.03,Month-to-month,DSL,Bank transfer,0,1,0
C01498,54,105.12,Month-to-month,DSL,Bank transfer,1,0,1
C01499,63,115.76,Month-to-month,No,Bank transfer,1,0,1
C01500,7,76.57,One year,No,Electronic check,1,0,0
C01501,49,71.45,One year,Fiber optic,Credit card,0,0,0
C01502,31,28.51,Month-to-month,Fiber optic,Credit card,2,0,1
C01503,58,74.89,One year,Fiber optic,Bank transfer,0,0,0
C01504,61,58.0,One year,Fiber optic,Bank transfer,1,1,0
C01505,24,80.71,One year,No,Credit card,1,0,0
C01506,20,58.87,Month-to-month,DSL,Credit card,1,0,0
C01507,37,44.03,Two year,Fiber optic,Mailed check,1,0,0
C01508,4,29.5,Month-to-month,DSL,Bank transfer,4,0,1
C01509,20,51.49,Month-to-month,Fiber optic,Credit card,0,0,0
C01510,60,29.66,Month-to-month,Fiber optic,Mailed check,0,0,1
C01511,24,37.69,Month-to-month,Fiber optic,Electronic check,1,0,1
C01512,50,118.73,Two year,,Bank transfer,0,0,0
C01513,49,64.41,Month-to-month,Fiber optic,Credit card,1,0,1
C01514,51,73.19,One year,DSL,Bank transfer,0,0,0
C01515,36,107.36,Month-to-month,DSL,Mailed check,0,0,0
C01516,66,119.56,Month-to-month,,Credit card,1,1,0
C01517,34,,Two year,Fiber optic,Electronic check,2,0,1
C01518,36,101.25,One year,Fiber optic,Electronic check,0,0,0
C01519,6,52.69,Month-to-month,Fiber optic,Mailed check,1,0,0
C01520,39,50.57,Month-to-month,,Electronic check,1,0,0
C01521,42,60.27,Month-to-month,Fiber optic,Electronic check,0,0,0
C01522,58,87.25,Month-to-month,Fiber optic,Electronic check,2,0,1
C01523,12,88.22,One year,Fiber optic,Electronic check,2,0,1
C01524,3,51.52,One year,Fiber optic,Electronic check,3,1,0
C01525,18,33.32,Month-to-month,Fiber optic,Electronic check,0,0,1
C01526,40,83.24,Two year,Fiber optic,Electronic check,3,0,0
C01527,21,32.83,One year,No,Credit card,1,0,0
C01528,15,77.85,Month-to-month,No,Electronic check,1,0,0
C01529,26,89.34,Month-to-month,DSL,Credit card,3,0,0
C01530,8,90.06,One year,DSL,Bank transfer,0,0,0
C01531,42,95.35,One year,Fiber optic,Mailed check,1,1,0
C01532,44,107.29,Month-to-month,DSL,Electronic check,1,0,0
C01533,14,70.0,Month-to-month,DSL,Mailed check,2,0,0
C01534,2,93.02,Month-to-month,No,Electronic check,2,0,0
C01535,37,81.92,Two year,DSL,Credit card,3,0,0
C01536,69,38.66,Month-to-month,No,Electronic check,1,0,0
C01537,38,22.57,Month-to-month,Fiber optic,Bank transfer,0,0,0
C01538,41,48.45,One year,Fiber optic,Mailed check,1,0,1
C01539,62,64.3,Two year,DSL,Mailed check,3,0,0
C01540,60,81.71,Two year,DSL,Bank transfer,2,0,1
C01541,14,105.0,Month-to-month,Fiber optic,Credit card,0,0,1
C01542,2,39.62,Month-to-month,DSL,Credit card,2,0,1
C01543,70,32.55,Month-to-month,DSL,Bank transfer,3,1,1
C01544,17,116.35,Month-to-month,DSL,Mailed check,1,0,0
C01545,28,30.8,Two year,,Electronic check,1,0,0
C01546,66,67.85,Month-to-month,DSL,Credit card,2,0,1
C01547,35,78.56,Month-to-month,Fiber optic,Electronic check,3,0,1
C01548,5,74.14,Month-to-month,DSL,Mailed check,2,0,0
C01549,65,28.6,Month-to-month,DSL,Electronic check,2,0,0
C01550,40,,One year,Fiber optic,Bank transfer,1,1,0
C01551,56,30.55,Month-to-month,No,Credit card,0,1,0
C01552,36,78.56,Month-to-month,DSL,Credit card,0,0,0
C01553,45,74.43,Month-to-month,DSL,Bank transfer,1,1,0
C01554,23,43.37,Month-to-month,Fiber optic,Bank transfer,2,0,1
C01555,47,83.78,Month-to-month,,Credit card,1,1,0
C01556,31,102.01,One year,Fiber optic,Credit card,0,0,0
C01557,11,24.16,One year,Fiber optic,Credit card,3,0,0
C01558,10,69.81,One year,DSL,Mailed check,3,0,0
C01559,67,,Two year,Fiber optic,Mailed check,3,0,0
C01560,14,45.23,Two year,DSL,Mailed check,1,0,0
C01561,10,50.78,Two year,Fiber optic,Electronic check,1,0,0
C01562,1,81.36,Month-to-month,Fiber optic,Mailed check,0,1,1
C01563,5,109.79,Month-to-month,No,Credit card,1,0,0
C01564,20,100.99,Month-to-month,DSL,Mailed check,0,0,1
C01565,8,78.31,Two year,DSL,Credit card,1,0,0
C01566,43,93.02,Two year,Fiber optic,Bank transfer,3,0,0
C01567,1,56.48,Two year,Fiber optic,Electronic check,2,0,0
C01568,57,84.1,Month-to-month,Fiber optic,Electronic check,2,0,0
C01569,64,66.62,Two year,DSL,Bank transfer,0,0,0
C01570,28,38.99,Month-to-month,DSL,Credit card,0,0,1
C01571,37,90.17,Month-to-month,Fiber optic,Electronic check,1,0,1
C01572,47,75.65,Month-to-month,DSL,Mailed check,0,0,0
C01573,37,55.86,Month-to-month,No,Credit card,1,0,0
C01574,49,111.13,Month-to-month,Fiber optic,Electronic check,1,0,1
C01575,44,22.09,Month-to-month,Fiber optic,Bank transfer,1,1,0
C01576,56,51.58,Month-to-month,Fiber optic,Credit card,1,1,0
C01577,28,25.69,One year,Fiber optic,Electronic check,2,0,1
C01578,6,96.65,Two year,DSL,Bank transfer,3,0,0
C01579,61,90.21,One year,No,Credit card,1,0,0
C01580,20,53.14,Month-to-month,DSL,Mailed check,0,0,1
C01581,2,87.57,Two year,Fiber optic,Credit card,3,0,1
C01582,37,59.59,Two year,,Mailed check,1,0,0
C01583,20,95.63,Month-to-month,Fiber optic,Credit card,0,0,1
C01584,26,65.42,Month-to-month,DSL,Bank transfer,0,0,0
C01585,29,61.23,Month-to-month,DSL,Mailed check,1,0,1
C01586,1,113.47,Month-to-month,No,Mailed check,2,0,1
C01587,35,45.09,One year,DSL,Credit card,0,0,0
C01588,70,32.04,Two year,Fiber optic,Electronic check,3,0,0
C01589,59,78.45,Month-to-month,No,Mailed check,1,0,1
C01590,69,116.93,Two year,DSL,Credit card,3,0,0
C01591,33,57.78,Two year,Fiber optic,Bank transfer,1,1,0
C01592,51,26.2,Two year,DSL,Credit card,0,0,0
C01593,12,53.93,Month-to-month,DSL,Credit card,2,1,1
C01594,20,70.59,Two year,Fiber optic,Mailed check,0,0,0
C01595,53,36.19,Month-to-month,No,Electronic check,1,1,0
C01596,43,85.81,One year,DSL,Bank transfer,0,0,0
C01597,50,119.77,Month-to-month,Fiber optic,Mailed check,0,0,1
C01598,29,65.17,Month-to-month,Fiber optic,Mailed check,2,0,1
C01599,57,55.47,One year,No,Mailed check,1,0,0
C01600,39,60.07,Month-to-month,DSL,Bank transfer,1,0,1
C01601,56,31.51,Month-to-month,Fiber optic,Electronic check,3,0,0
C01602,43,108.33,Month-to-month,Fiber optic,Bank transfer,1,0,1
C01603,50,61.48,One year,,Bank transfer,1,0,1
C01604,23,58.73,Month-to-month,No,Electronic check,0,0,0
C01605,44,85.97,Two year,No,Bank transfer,2,0,0
C01606,38,64.2,Month-to-month,DSL,Credit card,3,0,0
C01607,23,84.82,Month-to-month,Fiber optic,Bank transfer,1,0,1
C01608,45,26.14,Month-to-month,Fiber optic,Mailed check,4,0,1
C01609,52,101.37,Month-to-month,DSL,Bank transfer,0,0,0
C01610,50,,Month-to-month,Fiber optic,Mailed check,0,1,0
C01611,8,84.88,Month-to-month,Fiber optic,Bank transfer,1,0,1
C01612,1,115.46,Two year,Fiber optic,Mailed check,1,0,1
C01613,8,35.14,One year,No,Mailed check,3,0,0
C01614,29,67.74,Month-to-month,DSL,Mailed check,0,0,0
C01615,5,80.18,Month-to-month,No,Electronic check,2,0,1
C01616,47,78.17,Two year,Fiber optic,Bank transfer,0,0,0
C01617,34,60.15,Month-to-month,,Bank transfer,0,0,0
C01618,65,53.81,Month-to-month,No,Credit card,3,1,1
C01619,55,32.68,One year,Fiber optic,Credit card,2,0,0
C01620,43,59.17,One year,Fiber optic,Credit card,4,0,0
C01621,30,36.27,One year,Fiber optic,Bank transfer,2,0,0
C01622,17,93.44,Month-to-month,Fiber optic,Electronic check,1,0,0
C01623,26,40.88,Month-to-month,No,Mailed check,2,0,0
C01624,8,25.86,One year,No,Bank transfer,2,0,0
C01625,47,,Month-to-month,DSL,Electronic check,2,0,0
C01626,46,79.52,Month-to-month,DSL,Electronic check,1,0,1
C01627,68,107.19,Month-to-month,Fiber optic,Bank transfer,1,0,1
C01628,33,77.7,Month-to-month,DSL,Mailed check,2,0,1
C01629,1,54.55,Two year,Fiber optic,Electronic check,1,1,0
C01630,19,100.3,Two year,DSL,Bank transfer,4,1,0
C01631,31,74.03,One year,Fiber optic,Mailed check,2,0,1
C01632,14,,Month-to-month,DSL,Credit card,2,0,0
C01633,53,76.59,Month-to-month,DSL,Electronic check,1,0,0
C01634,48,110.8,Month-to-month,Fiber optic,Electronic check,1,0,0
C01635,69,59.63,Month-to-month,Fiber optic,Bank transfer,1,0,0
C01636,62,49.63,Two year,,Bank transfer,1,0,1
C01637,66,34.35,Month-to-month,No,Mailed check,3,0,1
C01638,64,35.14,Month-to-month,Fiber optic,Credit card,0,1,1
C01639,70,63.28,Month-to-month,DSL,Credit card,2,0,1
C01640,63,79.57,One year,No,Bank transfer,0,0,0
C01641,33,28.06,Month-to-month,No,Bank transfer,0,0,1
C01642,41,113.96,Month-to-month,No,Mailed check,0,1,0
C01643,48,95.51,Month-to-month,DSL,Bank transfer,0,0,0
C01644,13,78.66,Two year,No,Mailed check,3,1,0
C01645,31,102.84,Month-to-month,DSL,Mailed check,3,0,1
C01646,68,28.02,Two year,Fiber optic,Credit card,2,0,0
C01647,4,67.68,Two year,No,Mailed check,3,0,0
C01648,19,83.01,Month-to-month,DSL,Credit card,1,0,0
C01649,70,102.87,One year,No,Credit card,1,0,0
C01650,13,98.35,Month-to-month,DSL,Credit card,2,0,1
C01651,23,47.71,Two year,No,Bank transfer,1,1,1
C01652,1,114.09,Month-to-month,DSL,Credit card,0,0,0
C01653,54,32.43,Month-to-month,,Mailed check,1,0,0
C01654,71,107.51,Month-to-month,DSL,Bank transfer,1,0,0
C01655,15,117.09,Month-to-month,Fiber optic,Mailed check,0,0,1
C01656,65,37.72,Two year,Fiber optic,Bank transfer,2,0,0
C01657,71,92.21,Month-to-month,,Mailed check,3,0,1
C01658,15,24.03,One year,DSL,Electronic check,2,0,1
C01659,21,60.54,Month-to-month,Fiber optic,Electronic check,5,0,1
C01660,19,71.63,Two year,DSL,Electronic check,3,0,1
C01661,60,78.06,Month-to-month,,Mailed check,2,0,0
C01662,33,113.59,Month-to-month,DSL,Bank transfer,5,0,0
C01663,49,87.23,Month-to-month,No,Credit card,1,0,0
C01664,35,68.13,One year,DSL,Credit card,1,1,0
C01665,44,,Month-to-month,DSL,Mailed check,0,0,0
C01666,11,,Month-to-month,DSL,Mailed check,1,1,1
C01667,66,22.21,Month-to-month,Fiber optic,Mailed check,2,0,0
C01668,46,118.25,One year,DSL,Mailed check,0,0,0
C01669,9,,Month-to-month,Fiber optic,Credit card,3,0,0
C01670,3,101.44,One year,No,Bank transfer,2,0,0
C01671,26,48.03,Month-to-month,Fiber optic,Credit card,0,0,1
C01672,48,33.22,Two year,Fiber optic,Mailed check,1,1,1
C01673,66,63.99,Two year,DSL,Electronic check,0,0,0
C01674,70,84.4,Month-to-month,Fiber optic,Credit card,3,0,0
C01675,28,58.1,Month-to-month,DSL,Electronic check,1,0,0
C01676,26,25.46,Month-to-month,Fiber optic,Electronic check,2,0,0
C01677,25,79.95,Month-to-month,DSL,Mailed check,0,0,0
C01678,12,110.24,Month-to-month,Fiber optic,Credit card,2,1,1
C01679,5,58.32,One year,Fiber optic,Bank transfer,3,0,1
C01680,48,41.63,Month-to-month,No,Credit card,2,1,1
C01681,37,64.26,Two year,DSL,Bank transfer,0,0,0
C01682,44,,Month-to-month,Fiber optic,Bank transfer,0,0,0
C01683,15,,One year,DSL,Mailed check,1,0,1
C01684,43,102.63,Month-to-month,Fiber optic,Bank transfer,2,0,0
C01685,48,,Month-to-month,No,Credit card,0,0,0
C01686,70,55.31,Month-to-month,Fiber optic,Credit card,1,0,0
C01687,46,99.98,Month-to-month,Fiber optic,Electronic check,3,1,1
C01688,43,75.47,Month-to-month,No,Bank transfer,0,0,0
C01689,21,,One year,Fiber optic,Mailed check,1,1,1
C01690,23,83.15,Two year,Fiber optic,Mailed check,2,1,0
C01691,47,98.44,Month-to-month,Fiber optic,Credit card,1,0,1
C01692,15,79.86,Month-to-month,Fiber optic,Bank transfer,2,0,0
C01693,25,61.41,Month-to-month,DSL,Mailed check,1,0,0
C01694,36,115.79,Month-to-month,No,Bank transfer,0,0,1
C01695,51,74.11,Month-to-month,Fiber optic,Bank transfer,0,0,1
C01696,15,80.51,One year,DSL,Electronic check,2,0,0
C01697,68,42.05,Two year,Fiber optic,Mailed check,0,0,0
C01698,21,82.57,Two year,Fiber optic,Electronic check,0,0,0
C01699,13,77.16,Month-to-month,DSL,Mailed check,0,0,0
C01700,19,38.48,Two year,Fiber optic,Bank transfer,1,0,1
C01701,34,25.96,One year,No,Mailed check,0,0,0
C01702,68,80.44,Month-to-month,No,Credit card,3,0,0
C01703,52,96.37,Month-to-month,No,Bank transfer,1,1,0
C01704,27,72.34,Two year,No,Mailed check,0,0,0
C01705,29,42.68,Month-to-month,DSL,Electronic check,0,0,0
C01706,28,86.65,Month-to-month,Fiber optic,Electronic check,2,0,0
C01707,35,28.01,Month-to-month,No,Bank transfer,2,0,1
C01708,8,64.18,One year,Fiber optic,Electronic check,3,0,0
C01709,16,36.34,Month-to-month,Fiber optic,Bank transfer,0,0,0
C01710,36,38.45,Two year,Fiber optic,Bank transfer,0,0,0
C01711,30,40.23,One year,Fiber optic,Bank transfer,4,0,0
C01712,18,58.67,One year,No,Mailed check,3,0,0
C01713,2,25.12,Month-to-month,Fiber optic,Bank transfer,0,0,0
C01714,49,59.78,One year,Fiber optic,Electronic check,2,1,0
C01715,4,71.17,Month-to-month,No,Credit card,3,0,1
C01716,7,68.33,Month-to-month,Fiber optic,Mailed check,1,0,1
C01717,39,58.28,Month-to-month,DSL,Electronic check,1,0,0
C01718,13,103.91,Month-to-month,Fiber optic,Bank transfer,2,0,1
C01719,31,34.53,One year,No,Bank transfer,2,1,0
C01720,71,70.57,Month-to-month,Fiber optic,Credit card,0,0,0
C01721,63,26.2,Month-to-month,Fiber optic,Electronic check,0,0,0
C01722,56,27.12,Month-to-month,Fiber optic,Mailed check,0,0,0
C01723,42,77.39,Two year,DSL,Electronic check,2,0,1
C01724,61,76.6,One year,No,Bank transfer,1,0,1
C01725,42,107.8,One year,No,Mailed check,0,1,0
C01726,56,75.79,Month-to-month,DSL,Bank transfer,1,0,1
C01727,36,115.98,Month-to-month,DSL,Bank transfer,2,0,1
C01728,68,,Two year,No,Electronic check,0,0,0
C01729,7,29.8,Month-to-month,No,Credit card,3,0,1
C01730,54,24.41,Month-to-month,No,Bank transfer,3,0,0
C01731,1,38.53,One year,No,Electronic check,4,0,1
C01732,44,74.13,Month-to-month,Fiber optic,Mailed check,0,0,1
C01733,45,84.56,Two year,Fiber optic,Credit card,0,0,0
C01734,47,24.56,Month-to-month,Fiber optic,Bank transfer,2,0,0
C01735,13,,Month-to-month,DSL,Bank transfer,2,0,1
C01736,22,104.22,Month-to-month,Fiber optic,Mailed check,0,0,1
C01737,21,49.66,Month-to-month,Fiber optic,Electronic check,1,0,0
C01738,9,27.72,Two year,Fiber optic,Bank transfer,1,0,0
C01739,26,36.99,One year,Fiber optic,Mailed check,3,0,1
C01740,9,32.69,Month-to-month,Fiber optic,Bank transfer,1,1,0
C01741,15,32.33,Month-to-month,DSL,Electronic check,1,1,1
C01742,10,71.86,One year,DSL,Credit card,2,1,0
C01743,42,44.58,One year,DSL,Electronic check,0,1,0
C01744,24,55.81,Month-to-month,DSL,Electronic check,2,0,1
C01745,49,118.95,Month-to-month,No,Electronic check,1,1,0
C01746,26,,Month-to-month,DSL,Mailed check,1,1,1
C01747,37,114.9,One year,DSL,Bank transfer,2,0,0
C01748,68,34.26,Two year,Fiber optic,Credit card,1,0,0
C01749,50,58.21,Month-to-month,Fiber optic,Mailed check,1,0,0
C01750,24,75.47,One year,DSL,Electronic check,0,0,0
C01751,19,27.68,Month-to-month,Fiber optic,Credit card,0,0,1
C01752,60,20.42,Month-to-month,Fiber optic,Electronic check,1,0,0
C01753,39,87.04,Month-to-month,DSL,Electronic check,3,0,0
C01754,18,84.18,Two year,DSL,Electronic check,0,0,0
C01755,19,61.08,Month-to-month,No,Credit card,2,0,0
C01756,36,68.96,Month-to-month,No,Bank transfer,2,1,1
C01757,55,61.54,Month-to-month,Fiber optic,Electronic check,3,0,0
C01758,69,22.4,Month-to-month,DSL,Bank transfer,2,1,0
C01759,47,53.54,Month-to-month,Fiber optic,Credit card,1,0,0
C01760,49,37.71,One year,Fiber optic,Credit card,0,0,0
C01761,33,29.84,Month-to-month,DSL,Electronic check,1,0,1
C01762,21,115.67,One year,Fiber optic,Bank transfer,2,0,1
C01763,22,79.94,Month-to-month,Fiber optic,Bank transfer,0,0,1
C01764,48,92.87,Month-to-month,DSL,Electronic check,4,0,1
C01765,37,51.54,Month-to-month,Fiber optic,Mailed check,2,0,1
C01766,15,59.31,Month-to-month,No,Mailed check,2,0,0
C01767,35,43.69,Month-to-month,DSL,Credit card,3,1,1
C01768,71,29.7,Month-to-month,No,Credit card,1,0,0
C01769,32,,One year,DSL,Mailed check,3,0,1
C01770,11,99.75,One year,No,Mailed check,0,0,1
C01771,10,87.75,Month-to-month,DSL,Mailed check,5,0,1
C01772,57,74.69,Month-to-month,DSL,Electronic check,1,1,1
C01773,25,67.51,Month-to-month,Fiber optic,Electronic check,2,0,0
C01774,2,112.24,Month-to-month,Fiber optic,Electronic check,0,1,1
C01775,64,27.27,Month-to-month,No,Electronic check,0,1,0
C01776,35,48.06,Two year,Fiber optic,Electronic check,1,0,0
C01777,7,54.99,Month-to-month,DSL,Electronic check,0,0,1
C01778,18,98.24,Month-to-month,Fiber optic,Credit card,1,0,1
C01779,67,119.25,Month-to-month,Fiber optic,Bank transfer,2,0,1
C01780,42,44.07,Month-to-month,DSL,Credit card,0,0,0
C01781,39,107.43,One year,Fiber optic,Bank transfer,1,0,1
C01782,41,103.06,Month-to-month,Fiber optic,Credit card,2,0,1
C01783,24,42.47,Month-to-month,No,Credit card,1,1,0
C01784,60,59.93,One year,No,Electronic check,4,0,0
C01785,46,60.97,Month-to-month,DSL,Electronic check,3,1,1
C01786,19,117.82,One year,Fiber optic,Bank transfer,3,0,1
C01787,68,38.09,One year,Fiber optic,Bank transfer,0,0,0
C01788,42,99.92,Month-to-month,Fiber optic,Electronic check,1,0,0
C01789,32,53.42,One year,Fiber optic,Credit card,1,0,0
C01790,39,93.09,Month-to-month,,Bank transfer,3,1,0
C01791,36,62.0,Month-to-month,Fiber optic,Mailed check,3,1,0
C01792,36,77.84,Month-to-month,No,Mailed check,2,0,1
C01793,3,103.26,Month-to-month,No,Mailed check,6,1,1
C01794,8,100.42,One year,No,Bank transfer,1,0,1
C01795,70,106.64,Two year,No,Electronic check,0,0,0
C01796,41,25.96,Two year,Fiber optic,Electronic check,0,0,0
C01797,68,89.21,One year,DSL,Electronic check,0,0,0
C01798,13,34.0,Month-to-month,Fiber optic,Bank transfer,2,0,1
C01799,49,61.58,Month-to-month,DSL,Bank transfer,4,0,0
C01800,60,74.86,Month-to-month,Fiber optic,Mailed check,1,0,1
C01801,2,60.27,Month-to-month,Fiber optic,Bank transfer,0,0,0
C01802,60,71.96,Month-to-month,Fiber optic,Mailed check,2,0,0
C01803,5,119.65,Two year,No,Mailed check,0,1,1
C01804,44,33.52,Month-to-month,No,Electronic check,0,0,1
C01805,27,87.55,Month-to-month,DSL,Bank transfer,1,0,0
C01806,32,,Month-to-month,Fiber optic,Electronic check,1,0,0
C01807,21,33.3,Two year,Fiber optic,Electronic check,1,0,0
C01808,8,35.87,One year,Fiber optic,Bank transfer,1,0,0
C01809,50,114.93,One year,Fiber optic,Bank transfer,3,0,0
C01810,67,107.96,Month-to-month,Fiber optic,Credit card,1,1,0
C01811,44,110.7,Two year,Fiber optic,Mailed check,1,1,0
C01812,58,119.15,Month-to-month,No,Credit card,2,0,0
C01813,3,40.83,Two year,No,Mailed check,1,0,0
C01814,70,55.54,Month-to-month,DSL,Mailed check,1,0,0
C01815,2,86.92,Month-to-month,Fiber optic,Mailed check,1,0,1
C01816,44,68.38,Month-to-month,Fiber optic,Electronic check,0,0,0
C01817,2,61.84,One year,DSL,Electronic check,2,0,0
C01818,35,,Month-to-month,DSL,Bank transfer,0,0,0
C01819,30,79.38,Two year,Fiber optic,Mailed check,2,0,0
C01820,8,77.56,Month-to-month,Fiber optic,Mailed check,1,1,1
C01821,22,36.15,Month-to-month,DSL,Mailed check,2,0,1
C01822,44,67.17,Month-to-month,Fiber optic,Electronic check,0,0,0
C01823,58,75.35,Month-to-month,Fiber optic,Bank transfer,2,0,0
C01824,36,77.03,Month-to-month,DSL,Electronic check,3,0,0
C01825,69,41.01,Month-to-month,DSL,Credit card,2,0,0
C01826,31,94.23,One year,No,Credit card,0,0,0
C01827,47,22.52,Month-to-month,,Credit card,1,0,0
C01828,55,55.48,Two year,,Bank transfer,0,0,0
C01829,62,98.02,One year,Fiber optic,Credit card,2,0,0
C01830,30,76.39,Two year,DSL,Bank transfer,3,0,0
C01831,55,46.12,Month-to-month,DSL,Electronic check,1,0,0
C01832,16,89.5,Month-to-month,DSL,Electronic check,1,1,0
C01833,12,76.74,Month-to-month,DSL,Bank transfer,1,0,0
C01834,17,99.62,One year,DSL,Electronic check,4,0,0
C01835,16,93.5,Two year,Fiber optic,Electronic check,1,1,1
C01836,12,81.01,Month-to-month,DSL,Bank transfer,1,0,0
C01837,8,68.82,Month-to-month,Fiber optic,Credit card,0,0,1
C01838,3,33.32,Two year,Fiber optic,Bank transfer,1,0,1
C01839,16,46.13,Month-to-month,DSL,Mailed check,1,0,0
C01840,30,61.91,One year,DSL,Electronic check,2,1,1
C01841,23,79.93,Month-to-month,DSL,Bank transfer,0,0,0
C01842,5,71.37,Two year,DSL,Electronic check,1,1,0
C01843,65,48.82,Month-to-month,Fiber optic,Credit card,1,0,0
C01844,30,20.65,Month-to-month,DSL,Electronic check,0,1,1
C01845,21,69.62,One year,Fiber optic,Bank transfer,1,0,0
C01846,70,48.56,Two year,Fiber optic,Credit card,2,1,0
C01847,22,93.46,Month-to-month,Fiber optic,Credit card,2,1,0
C01848,32,22.39,Month-to-month,Fiber optic,Credit card,2,0,0
C01849,33,78.48,One year,Fiber optic,Mailed check,1,0,0
C01850,16,114.15,Two year,DSL,Bank transfer,3,0,0
C01851,38,37.44,Two year,DSL,Bank transfer,3,1,0
C01852,14,67.16,Two year,Fiber optic,Credit card,1,0,0
C01853,36,29.14,Month-to-month,DSL,Electronic check,0,0,0
C01854,23,82.57,Month-to-month,Fiber optic,Credit card,1,1,0
C01855,66,75.05,One year,Fiber optic,Mailed check,0,0,0
C01856,2,60.74,Two year,Fiber optic,Credit card,1,0,1
C01857,65,72.14,Month-to-month,Fiber optic,Bank transfer,0,1,0
C01858,67,109.66,Month-to-month,Fiber optic,Credit card,2,0,1
C01859,52,,One year,Fiber optic,Electronic check,1,0,0
C01860,62,22.26,Month-to-month,Fiber optic,Bank transfer,2,0,1
C01861,23,,Month-to-month,Fiber optic,Electronic check,2,0,1
C01862,26,77.71,Month-to-month,Fiber optic,Credit card,0,0,0
C01863,68,109.07,One year,No,Bank transfer,1,0,0
C01864,55,79.69,One year,Fiber optic,Mailed check,2,0,1
C01865,6,101.02,Month-to-month,Fiber optic,Bank transfer,0,0,1
C01866,35,62.97,One year,Fiber optic,Electronic check,1,0,0
C01867,22,94.99,One year,Fiber optic,Bank transfer,2,0,0
C01868,43,111.3,Month-to-month,DSL,Mailed check,1,0,1
C01869,15,77.21,One year,No,Mailed check,1,0,0
C01870,60,38.08,Month-to-month,DSL,Mailed check,0,0,1
C01871,12,46.88,Month-to-month,Fiber optic,Mailed check,0,0,0
C01872,49,39.86,Month-to-month,Fiber optic,Electronic check,0,1,0
C01873,42,44.69,Month-to-month,No,Bank transfer,3,0,0
C01874,38,50.64,Month-to-month,DSL,Credit card,1,0,1
C01875,45,75.51,Two year,Fiber optic,Mailed check,2,0,0
C01876,35,78.8,One year,Fiber optic,Credit card,0,1,1
C01877,30,62.65,One year,DSL,Credit card,3,0,0
C01878,30,,Month-to-month,DSL,Bank transfer,0,1,1
C01879,6,28.16,Month-to-month,Fiber optic,Credit card,1,0,0
C01880,67,28.78,Month-to-month,Fiber optic,Credit card,0,0,1
C01881,7,37.18,Month-to-month,DSL,Electronic check,2,0,1
C01882,52,71.81,Month-to-month,Fiber optic,Credit card,0,0,0
C01883,14,41.4,One year,Fiber optic,Bank transfer,1,0,0
C01884,15,48.33,Two year,Fiber optic,Credit card,5,0,0
C01885,21,60.03,Month-to-month,No,Bank transfer,0,0,1
C01886,35,101.19,Month-to-month,Fiber optic,Mailed check,1,0,1
C01887,66,21.39,One year,No,Credit card,1,0,0
C01888,2,84.94,Month-to-month,No,Credit card,1,0,0
C01889,35,86.89,Two year,DSL,Credit card,2,0,0
C01890,20,99.87,One year,DSL,Mailed check,2,1,0
C01891,10,113.28,Two year,Fiber optic,Electronic check,1,0,1
C01892,25,22.01,Month-to-month,Fiber optic,Credit card,2,0,0
C01893,66,35.38,One year,Fiber optic,Bank transfer,1,0,0
C01894,25,108.62,Month-to-month,Fiber optic,Electronic check,4,0,0
C01895,54,65.85,One year,Fiber optic,Electronic check,2,0,0
C01896,33,76.46,Month-to-month,Fiber optic,Electronic check,0,0,1
C01897,36,86.3,Month-to-month,DSL,Credit card,3,0,1
C01898,14,87.91,Month-to-month,No,Mailed check,3,0,1
C01899,65,113.17,Month-to-month,DSL,Mailed check,1,0,0
C01900,54,119.69,Two year,No,Credit card,1,0,0
C01901,52,92.02,One year,DSL,Bank transfer,1,0,0
C01902,3,48.72,One year,No,Bank transfer,0,0,1
C01903,41,107.98,Month-to-month,DSL,Bank transfer,0,0,1
C01904,6,24.92,One year,DSL,Credit card,2,0,0
C01905,25,43.11,Month-to-month,DSL,Mailed check,3,1,1
C01906,13,109.74,Two year,Fiber optic,Credit card,0,0,1
C01907,8,45.62,Two year,No,Mailed check,2,0,1
C01908,21,42.07,Month-to-month,Fiber optic,Electronic check,0,0,1
C01909,68,33.81,Two year,No,Credit card,0,0,0
C01910,25,105.91,Month-to-month,Fiber optic,Mailed check,1,1,0
C01911,68,70.01,Month-to-month,Fiber optic,Electronic check,3,1,1
C01912,45,87.49,Month-to-month,No,Electronic check,0,0,0
C01913,60,43.91,Month-to-month,DSL,Credit card,1,0,0
C01914,12,95.8,One year,Fiber optic,Mailed check,1,0,0
C01915,32,96.0,Month-to-month,No,Electronic check,4,0,1
C01916,13,51.26,Month-to-month,No,Credit card,0,1,1
C01917,31,61.07,One year,No,Electronic check,0,0,0
C01918,20,40.97,One year,No,Bank transfer,0,0,0
C01919,18,117.66,Two year,DSL,Credit card,1,0,1
C01920,60,84.56,One year,No,Electronic check,2,0,0
C01921,63,113.45,One year,Fiber optic,Credit card,1,1,0
C01922,6,50.34,Month-to-month,No,Credit card,1,0,1
C01923,32,98.19,Month-to-month,,Mailed check,2,0,1
C01924,43,96.59,Month-to-month,Fiber optic,Mailed check,1,0,1
C01925,2,89.17,Month-to-month,Fiber optic,Electronic check,0,0,1
C01926,60,116.56,One year,DSL,Credit card,1,1,0
C01927,23,59.36,Month-to-month,DSL,Credit card,1,1,0
C01928,31,33.07,One year,No,Bank transfer,1,1,0
C01929,5,87.17,Month-to-month,No,Credit card,2,0,1
C01930,34,92.93,Month-to-month,DSL,Mailed check,1,0,1
C01931,10,77.51,Month-to-month,Fiber optic,Credit card,1,0,1
C01932,2,40.68,Two year,Fiber optic,Mailed check,0,0,0
C01933,11,70.45,One year,Fiber optic,Bank transfer,2,0,0
C01934,50,51.22,Two year,DSL,Electronic check,0,0,0
C01935,31,62.75,Month-to-month,No,Mailed check,3,0,1
C01936,56,84.52,Two year,Fiber optic,Electronic check,1,0,0
C01937,9,94.52,Month-to-month,,Electronic check,1,0,1
C01938,21,43.22,Month-to-month,Fiber optic,Electronic check,3,0,1
C01939,28,60.53,Two year,DSL,Electronic check,1,1,0
C01940,62,46.92,Month-to-month,Fiber optic,Mailed check,0,0,0
C01941,7,39.86,One year,DSL,Bank transfer,1,0,0
C01942,16,98.34,Month-to-month,DSL,Credit card,1,1,0
C01943,4,110.93,One year,Fiber optic,Mailed check,1,0,0
C01944,4,,Two year,No,Bank transfer,0,0,0
C01945,40,95.13,Month-to-month,Fiber optic,Credit card,1,0,1
C01946,17,109.7,One year,DSL,Electronic check,2,0,0
C01947,52,104.61,Month-to-month,Fiber optic,Credit card,1,0,0
C01948,52,38.28,One year,No,Credit card,1,1,0
C01949,36,115.63,Month-to-month,Fiber optic,Bank transfer,1,0,0
C01950,38,,Month-to-month,,Credit card,3,0,0
C01951,50,53.92,Month-to-month,Fiber optic,Electronic check,2,0,0
C01952,63,26.24,Month-to-month,Fiber optic,Mailed check,2,0,1
C01953,63,68.62,Two year,DSL,Mailed check,1,0,0
C01954,62,30.9,Month-to-month,DSL,Bank transfer,4,0,0
C01955,7,44.85,Month-to-month,Fiber optic,Electronic check,1,0,1
C01956,27,51.69,Month-to-month,Fiber optic,Electronic check,4,0,1
C01957,14,100.88,Month-to-month,No,Credit card,2,0,1
C01958,71,107.55,One year,No,Bank transfer,2,0,0
C01959,5,50.25,Two year,DSL,Electronic check,3,0,0
C01960,55,105.87,Month-to-month,DSL,Electronic check,2,0,0
C01961,2,105.72,Two year,Fiber optic,Electronic check,1,0,0
C01962,62,96.47,One year,DSL,Mailed check,1,0,0
C01963,21,34.67,Month-to-month,Fiber optic,Mailed check,1,1,1
C01964,21,89.03,One year,No,Mailed check,1,1,0
C01965,10,114.5,Month-to-month,No,Credit card,3,0,1
C01966,58,88.25,One year,Fiber optic,Credit card,1,0,0
C01967,39,53.16,Two year,,Credit card,2,0,0
C01968,5,70.06,Month-to-month,Fiber optic,Electronic check,5,0,1
C01969,65,,Two year,DSL,Mailed check,0,0,0
C01970,13,71.06,One year,Fiber optic,Electronic check,2,0,1
C01971,53,32.0,Month-to-month,Fiber optic,Electronic check,0,0,0
C01972,45,51.21,One year,Fiber optic,Bank transfer,0,0,1
C01973,32,100.24,Month-to-month,DSL,Electronic check,2,0,0
C01974,36,106.14,Two year,Fiber optic,Credit card,0,0,0
C01975,60,33.73,One year,Fiber optic,Mailed check,1,0,1
C01976,11,115.24,Month-to-month,No,Mailed check,0,0,1
C01977,63,52.88,Month-to-month,,Electronic check,2,0,0
C01978,21,86.23,One year,Fiber optic,Credit card,1,1,0
C01979,52,95.18,Month-to-month,Fiber optic,Credit card,1,0,0
C01980,55,101.19,Month-to-month,DSL,Credit card,0,1,1
C01981,26,114.57,Month-to-month,Fiber optic,Mailed check,2,0,1
C01982,68,51.29,Month-to-month,No,Credit card,0,0,0
C01983,34,105.85,Month-to-month,Fiber optic,Credit card,2,0,1
C01984,52,33.17,Month-to-month,No,Electronic check,1,0,0
C01985,52,90.5,Month-to-month,DSL,Bank transfer,1,0,1
C01986,29,94.2,One year,DSL,Credit card,1,0,0
C01987,38,87.77,Month-to-month,No,Electronic check,1,0,0
C01988,42,45.23,Month-to-month,No,Electronic check,1,0,0
C01989,21,107.3,Month-to-month,No,Credit card,1,0,1
C01990,42,36.89,One year,Fiber optic,Bank transfer,1,1,0
C01991,13,25.36,Month-to-month,No,Mailed check,1,0,0
C01992,64,91.75,Month-to-month,No,Bank transfer,2,0,1
C01993,17,67.55,Month-to-month,No,Credit card,0,0,1
C01994,9,104.91,Two year,Fiber optic,Bank transfer,3,0,1
C01995,41,58.34,One year,Fiber optic,Electronic check,2,0,0
C01996,1,,One year,No,Electronic check,3,0,0
C01997,2,103.64,One year,Fiber optic,Bank transfer,1,0,0
C01998,60,74.89,One year,Fiber optic,Mailed check,1,0,0
C01999,48,38.92,Month-to-month,Fiber optic,Bank transfer,0,0,0
C02000,29,92.04,One year,Fiber optic,Credit card,0,1,1
C02001,10,71.11,Month-to-month,Fiber optic,Mailed check,2,0,0
C02002,58,80.43,One year,DSL,Bank transfer,1,0,0
C02003,60,66.09,One year,No,Bank transfer,0,0,0
C02004,21,102.87,Month-to-month,Fiber optic,Mailed check,2,0,1
C02005,28,102.96,Month-to-month,Fiber optic,Bank transfer,1,0,1
C02006,34,90.94,Month-to-month,DSL,Credit card,1,0,0
C02007,8,30.54,One year,DSL,Electronic check,0,0,0
C02008,59,103.89,One year,,Credit card,2,1,0
C02009,49,,Two year,Fiber optic,Bank transfer,1,0,0
C02010,17,89.7,Month-to-month,,Electronic check,1,1,1
C02011,60,56.3,One year,,Mailed check,2,0,0
C02012,45,107.93,One year,DSL,Credit card,3,0,0
C02013,69,92.54,Two year,DSL,Mailed check,1,0,0
C02014,32,31.26,Month-to-month,DSL,Electronic check,1,0,0
C02015,44,60.78,Month-to-month,DSL,Bank transfer,0,0,0
C02016,65,108.64,One year,Fiber optic,Electronic check,2,0,0
C02017,8,24.72,One year,No,Electronic check,2,0,1
C02018,43,116.14,Two year,Fiber optic,Mailed check,0,0,0
C02019,1,87.92,Month-to-month,DSL,Credit card,1,0,1
C02020,51,83.14,Month-to-month,DSL,Electronic check,2,0,0
C02021,24,47.06,Two year,Fiber optic,Bank transfer,0,0,0
C02022,24,44.88,Month-to-month,No,Electronic check,2,0,1
C02023,17,114.21,One year,DSL,Mailed check,3,1,0
C02024,5,49.83,Month-to-month,Fiber optic,Credit card,0,0,1
C02025,20,97.55,Month-to-month,Fiber optic,Bank transfer,2,0,1
C02026,21,59.31,One year,DSL,Mailed check,1,0,0
C02027,58,33.93,One year,Fiber optic,Electronic check,4,1,1
C02028,31,21.07,Month-to-month,DSL,Electronic check,1,0,1
C02029,11,74.43,Month-to-month,Fiber optic,Credit card,2,0,0
C02030,52,117.58,Two year,DSL,Mailed check,0,0,0
C02031,15,56.91,Month-to-month,Fiber optic,Mailed check,1,0,1
C02032,7,,Two year,DSL,Credit card,0,0,1
C02033,28,54.41,Month-to-month,No,Bank transfer,3,1,0
C02034,51,72.05,One year,DSL,Mailed check,1,0,0
C02035,58,64.07,Two year,No,Credit card,1,1,0
C02036,5,107.99,One year,No,Mailed check,2,0,0
C02037,5,70.55,Month-to-month,No,Credit card,0,1,1
C02038,8,70.78,One year,,Electronic check,3,1,0
C02039,64,33.84,Month-to-month,Fiber optic,Electronic check,0,0,1
C02040,10,118.27,Month-to-month,Fiber optic,Mailed check,2,0,1
C02041,38,45.0,Two year,DSL,Mailed check,1,0,0
C02042,8,27.34,One year,Fiber optic,Electronic check,2,0,0
C02043,25,86.31,One year,,Bank transfer,2,0,1
C02044,66,79.54,Month-to-month,No,Credit card,1,0,1
C02045,50,61.51,Month-to-month,DSL,Bank transfer,0,0,0
C02046,67,62.22,Month-to-month,Fiber optic,Bank transfer,2,0,0
C02047,49,98.51,One year,,Bank transfer,0,1,1
C02048,36,39.57,One year,Fiber optic,Electronic check,1,0,1
C02049,68,,Month-to-month,Fiber optic,Mailed check,0,0,0
C02050,41,84.87,Two year,DSL,Bank transfer,1,0,0
C02051,62,61.9,Month-to-month,Fiber optic,Electronic check,0,0,0
C02052,10,65.8,Month-to-month,DSL,Credit card,1,0,1
C02053,21,45.66,Month-to-month,No,Mailed check,0,0,0
C02054,36,95.21,Month-to-month,Fiber optic,Credit card,1,0,1
C02055,12,71.29,Month-to-month,No,Bank transfer,1,0,0
C02056,2,52.09,Two year,DSL,Mailed check,0,0,1
C02057,13,79.61,Month-to-month,DSL,Bank transfer,2,0,1
C02058,53,119.57,Two year,DSL,Mailed check,1,0,1
C02059,32,63.53,Month-to-month,,Bank transfer,1,0,0
C02060,16,112.07,Two year,DSL,Credit card,2,0,0
C02061,32,,One year,Fiber optic,Credit card,2,0,0
C02062,32,25.47,Two year,DSL,Bank transfer,0,1,0
C02063,11,40.42,Month-to-month,Fiber optic,Mailed check,3,0,0
C02064,10,61.87,One year,No,Credit card,1,0,0
C02065,15,41.96,Two year,Fiber optic,Mailed check,0,0,0
C02066,17,20.02,Month-to-month,Fiber optic,Mailed check,1,0,1
C02067,40,111.5,Month-to-month,Fiber optic,Credit card,0,0,1
C02068,18,104.39,Month-to-month,Fiber optic,Electronic check,0,0,0
C02069,55,94.23,Two year,DSL,Electronic check,0,0,1
C02070,25,36.78,Month-to-month,Fiber optic,Mailed check,0,0,0
C02071,59,32.04,Month-to-month,,Credit card,1,0,0
C02072,22,26.76,Month-to-month,No,Electronic check,0,1,0
C02073,30,92.4,Month-to-month,Fiber optic,Bank transfer,2,0,1
C02074,44,112.88,Two year,Fiber optic,Mailed check,2,0,1
C02075,32,63.05,Month-to-month,Fiber optic,Electronic check,1,0,0
C02076,51,,One year,DSL,Credit card,1,1,0
C02077,46,71.24,Two year,,Credit card,2,0,0
C02078,21,54.88,Month-to-month,Fiber optic,Mailed check,0,0,1
C02079,32,57.48,One year,DSL,Credit card,2,0,0
C02080,39,82.13,Month-to-month,DSL,Bank transfer,1,0,0
C02081,12,91.87,One year,DSL,Bank transfer,0,0,0
C02082,47,31.06,Month-to-month,Fiber optic,Electronic check,1,0,0
C02083,18,23.56,One year,DSL,Credit card,0,0,0
C02084,21,119.43,Month-to-month,Fiber optic,Bank transfer,0,1,1
C02085,13,43.27,Month-to-month,Fiber optic,Mailed check,1,0,1
C02086,21,25.38,One year,Fiber optic,Credit card,1,0,1
C02087,8,38.99,Month-to-month,No,Electronic check,1,0,1
C02088,46,23.9,One year,No,Mailed check,1,0,0
C02089,7,,Month-to-month,Fiber optic,Mailed check,1,0,1
C02090,23,100.24,One year,DSL,Mailed check,0,0,0
C02091,22,54.12,Month-to-month,Fiber optic,Bank transfer,1,1,1
C02092,22,64.42,One year,Fiber optic,Mailed check,0,0,0
C02093,29,87.56,Month-to-month,Fiber optic,Bank transfer,1,0,1
C02094,13,70.89,Month-to-month,Fiber optic,Mailed check,0,0,0
C02095,2,106.14,Month-to-month,DSL,Bank transfer,0,0,1
C02096,29,106.6,One year,Fiber optic,Credit card,0,1,0
C02097,52,20.99,Month-to-month,DSL,Bank transfer,1,0,1
C02098,27,97.8,Two year,Fiber optic,Bank transfer,0,1,1
C02099,50,66.07,Two year,DSL,Credit card,0,0,0
C02100,23,118.88,Month-to-month,Fiber optic,Mailed check,2,0,1
C02101,44,68.32,One year,DSL,Credit card,1,1,0
C02102,22,118.69,Month-to-month,Fiber optic,Mailed check,3,0,0
C02103,43,95.46,Month-to-month,Fiber optic,Bank transfer,1,0,0
C02104,37,44.86,One year,DSL,Mailed check,1,1,0
C02105,61,73.84,One year,Fiber optic,Bank transfer,3,0,1
C02106,56,119.21,One year,Fiber optic,Mailed check,0,0,0
C02107,3,105.75,Month-to-month,Fiber optic,Bank transfer,3,0,1
C02108,63,29.74,Month-to-month,Fiber optic,Bank transfer,2,0,0
C02109,19,90.64,Month-to-month,Fiber optic,Electronic check,0,0,1
C02110,23,54.56,One year,Fiber optic,Mailed check,0,1,0
C02111,29,20.7,Month-to-month,Fiber optic,Mailed check,1,0,1
C02112,30,60.35,One year,Fiber optic,Electronic check,0,0,0
C02113,39,43.48,Month-to-month,Fiber optic,Bank transfer,0,1,1
C02114,25,101.89,Month-to-month,DSL,Bank transfer,1,0,1
C02115,8,53.73,Month-to-month,DSL,Electronic check,0,0,1
C02116,58,102.75,Month-to-month,DSL,Electronic check,2,0,1
C02117,16,20.06,Month-to-month,DSL,Credit card,2,1,0
C02118,1,50.78,Two year,Fiber optic,Bank transfer,0,1,1
C02119,5,44.12,Two year,Fiber optic,Credit card,1,0,0
C02120,3,43.36,Month-to-month,DSL,Mailed check,0,1,1
C02121,65,26.82,Month-to-month,No,Credit card,2,0,1
C02122,4,38.71,Month-to-month,Fiber optic,Electronic check,0,0,1
C02123,64,75.55,Two year,,Electronic check,1,1,0
C02124,10,49.14,Month-to-month,Fiber optic,Electronic check,3,0,1
C02125,21,61.74,Two year,Fiber optic,Electronic check,3,0,0
C02126,46,57.69,Month-to-month,DSL,Credit card,1,0,0
C02127,27,107.59,Month-to-month,DSL,Credit card,2,0,0
C02128,66,110.53,Two year,DSL,Credit card,0,0,0
C02129,41,69.3,Month-to-month,Fiber optic,Electronic check,2,0,1
C02130,13,53.02,One year,DSL,Electronic check,2,1,0
C02131,9,30.68,Month-to-month,Fiber optic,Bank transfer,1,1,0
C02132,36,115.34,Month-to-month,DSL,Bank transfer,1,0,1
C02133,58,26.02,Month-to-month,No,Electronic check,0,0,0
C02134,54,49.77,One year,DSL,Bank transfer,2,0,0
C02135,12,49.81,One year,DSL,Mailed check,0,0,0
C02136,14,52.04,Month-to-month,DSL,Mailed check,1,0,1
C02137,34,36.43,Two year,Fiber optic,Electronic check,0,0,0
C02138,53,98.32,Month-to-month,DSL,Credit card,1,0,1
C02139,20,32.25,Month-to-month,Fiber optic,Mailed check,3,0,1
C02140,16,83.49,Month-to-month,DSL,Mailed check,1,0,1
C02141,70,32.38,Month-to-month,Fiber optic,Credit card,0,0,0
C02142,56,27.05,Month-to-month,No,Bank transfer,2,0,0
C02143,58,110.94,Two year,DSL,Credit card,1,0,0
C02144,4,39.01,Month-to-month,No,Bank transfer,0,0,0
C02145,4,,Month-to-month,No,Bank transfer,3,0,1
C02146,20,74.46,Month-to-month,,Credit card,3,0,1
C02147,10,27.79,One year,DSL,Bank transfer,2,0,0
C02148,24,115.54,Two year,Fiber optic,Mailed check,1,0,0
C02149,26,44.7,Month-to-month,Fiber optic,Electronic check,1,0,1
C02150,37,105.96,Month-to-month,Fiber optic,Bank transfer,0,0,1
C02151,54,36.88,Month-to-month,Fiber optic,Mailed check,2,0,1
C02152,21,105.39,Month-to-month,Fiber optic,Credit card,2,1,1
C02153,38,21.32,Month-to-month,DSL,Bank transfer,2,0,1
C02154,46,71.18,Month-to-month,No,Mailed check,1,0,1
C02155,4,96.94,Month-to-month,Fiber optic,Bank transfer,0,1,0
C02156,60,113.48,Month-to-month,Fiber optic,Credit card,1,0,0
C02157,57,110.92,Month-to-month,No,Electronic check,3,0,0
C02158,45,101.96,Two year,Fiber optic,Bank transfer,1,0,1
C02159,20,108.82,Two year,DSL,Electronic check,0,0,1
C02160,17,39.92,One year,Fiber optic,Bank transfer,1,0,0
C02161,71,48.42,Month-to-month,Fiber optic,Bank transfer,2,0,0
C02162,4,48.9,Month-to-month,DSL,Credit card,1,0,1
C02163,14,57.71,Month-to-month,No,Bank transfer,2,1,0
C02164,3,59.33,One year,DSL,Mailed check,0,0,0
C02165,58,74.46,Month-to-month,Fiber optic,Mailed check,1,0,1
C02166,55,35.99,Two year,Fiber optic,Electronic check,2,0,0
C02167,4,89.12,Two year,DSL,Electronic check,2,0,0
C02168,24,36.76,Month-to-month,No,Mailed check,0,0,0
C02169,34,51.03,One year,No,Electronic check,1,0,0
C02170,30,70.33,Month-to-month,Fiber optic,Electronic check,2,0,1
C02171,19,99.64,Month-to-month,DSL,Mailed check,4,0,1
C02172,31,93.95,Month-to-month,DSL,Mailed check,1,0,0
C02173,60,84.55,Month-to-month,Fiber optic,Mailed check,2,0,1
C02174,60,35.58,Two year,DSL,Credit card,2,1,0
C02175,19,74.7,Month-to-month,Fiber optic,Credit card,0,0,0
C02176,49,28.74,Month-to-month,No,Mailed check,4,0,0
C02177,63,57.74,One year,Fiber optic,Bank transfer,3,0,0
C02178,22,61.35,One year,No,Mailed check,0,1,0
C02179,24,23.98,Month-to-month,Fiber optic,Credit card,1,1,0
C02180,30,47.4,Two year,Fiber optic,Electronic check,4,0,0
C02181,58,115.56,One year,No,Bank transfer,3,0,0
C02182,31,115.36,Month-to-month,Fiber optic,Bank transfer,2,0,1
C02183,64,55.23,Month-to-month,No,Electronic check,3,0,0
C02184,19,24.31,Month-to-month,DSL,Bank transfer,2,0,0
C02185,48,37.91,Two year,,Electronic check,2,0,0
C02186,45,59.22,One year,No,Credit card,3,0,0
C02187,55,114.78,Two year,Fiber optic,Bank transfer,0,0,0
C02188,55,34.12,Month-to-month,No,Bank transfer,1,0,1
C02189,18,96.35,Month-to-month,No,Electronic check,3,0,1
C02190,63,30.87,Month-to-month,DSL,Electronic check,2,0,1
C02191,47,118.13,Month-to-month,Fiber optic,Credit card,1,0,1
C02192,57,58.16,One year,Fiber optic,Electronic check,0,0,0
C02193,45,97.52,One year,Fiber optic,Electronic check,5,1,1
C02194,33,54.26,Month-to-month,Fiber optic,Credit card,5,0,1
C02195,17,82.77,Month-to-month,DSL,Mailed check,1,0,0
C02196,70,39.2,Month-to-month,Fiber optic,Mailed check,2,0,0
C02197,4,34.6,Month-to-month,Fiber optic,Electronic check,0,0,1
C02198,20,113.81,Month-to-month,DSL,Credit card,1,1,1
C02199,47,111.76,Month-to-month,No,Mailed check,2,0,0
C02200,15,108.75,Month-to-month,Fiber optic,Credit card,2,0,1
C02201,70,82.54,Month-to-month,No,Electronic check,0,0,0
C02202,47,100.83,Month-to-month,DSL,Electronic check,1,1,1
C02203,9,26.9,Month-to-month,DSL,Credit card,2,0,1
C02204,16,53.48,One year,Fiber optic,Bank transfer,1,0,1
C02205,69,51.37,Month-to-month,DSL,Electronic check,1,0,1
C02206,61,83.56,Two year,No,Electronic check,1,0,0
C02207,10,55.6,Month-to-month,DSL,Electronic check,0,0,0
C02208,50,34.85,Month-to-month,Fiber optic,Electronic check,0,0,1
C02209,3,79.65,Month-to-month,Fiber optic,Credit card,1,0,1
C02210,70,101.44,Month-to-month,Fiber optic,Credit card,0,0,1
C02211,51,58.21,Two year,DSL,Credit card,1,0,0
C02212,19,33.23,Month-to-month,Fiber optic,Credit card,0,1,0
C02213,42,39.67,Two year,Fiber optic,Bank transfer,1,1,0
C02214,35,43.75,Two year,,Credit card,0,0,0
C02215,46,49.99,Month-to-month,No,Credit card,1,0,1
C02216,26,84.28,Month-to-month,DSL,Electronic check,0,1,1
C02217,69,80.09,One year,Fiber optic,Bank transfer,1,0,0
C02218,64,,Month-to-month,Fiber optic,Electronic check,0,0,1
C02219,37,56.25,One year,DSL,Bank transfer,2,1,0
C02220,49,102.4,Month-to-month,No,Mailed check,5,0,1
C02221,21,40.41,Month-to-month,Fiber optic,Bank transfer,0,0,0
C02222,64,66.9,Month-to-month,DSL,Bank transfer,3,0,0
C02223,5,,Month-to-month,Fiber optic,Electronic check,1,1,1
C02224,70,38.02,Two year,Fiber optic,Bank transfer,1,0,0
C02225,4,30.99,Month-to-month,Fiber optic,Bank transfer,1,1,0
C02226,39,108.37,Two year,Fiber optic,Electronic check,2,0,0
C02227,35,54.29,Month-to-month,DSL,Mailed check,2,0,0
C02228,1,,Month-to-month,DSL,Mailed check,1,0,0
C02229,24,22.53,Month-to-month,No,Mailed check,0,0,0
C02230,57,89.0,Month-to-month,DSL,Bank transfer,1,0,0
C02231,70,51.61,Month-to-month,No,Electronic check,1,0,0
C02232,41,25.57,Month-to-month,DSL,Mailed check,3,1,1
C02233,54,80.98,Two year,No,Mailed check,0,0,0
C02234,46,44.08,Month-to-month,Fiber optic,Mailed check,1,0,0
C02235,60,58.68,Month-to-month,Fiber optic,Mailed check,1,0,0
C02236,60,28.06,Two year,DSL,Electronic check,1,0,0
C02237,57,,One year,DSL,Mailed check,4,0,0
C02238,31,49.8,Month-to-month,DSL,Bank transfer,2,0,1
C02239,24,28.98,Month-to-month,DSL,Bank transfer,0,1,0
C02240,36,111.08,Two year,DSL,Electronic check,0,0,0
C02241,30,20.6,One year,Fiber optic,Credit card,2,0,0
C02242,24,68.39,Month-to-month,Fiber optic,Mailed check,0,0,0
C02243,30,32.32,Month-to-month,Fiber optic,Mailed check,2,0,0
C02244,7,50.77,Two year,Fiber optic,Bank transfer,1,0,0
C02245,35,112.61,Month-to-month,Fiber optic,Electronic check,1,0,1
C02246,55,36.17,Two year,Fiber optic,Credit card,0,0,0
C02247,14,116.58,Month-to-month,Fiber optic,Bank transfer,0,0,1
C02248,10,40.58,One year,Fiber optic,Credit card,0,0,1
C02249,16,94.16,Month-to-month,No,Electronic check,0,0,0
C02250,54,74.67,Month-to-month,DSL,Electronic check,0,0,0
C02251,70,108.45,Two year,DSL,Electronic check,0,0,0
C02252,44,75.4,Month-to-month,,Bank transfer,1,0,0
C02253,45,73.46,Month-to-month,DSL,Electronic check,2,0,0
C02254,56,39.55,Month-to-month,,Bank transfer,0,0,1
C02255,57,36.62,Month-to-month,No,Bank transfer,0,0,0
C02256,21,111.65,Month-to-month,DSL,Mailed check,2,1,1
C02257,68,52.78,One year,DSL,Bank transfer,2,0,0
C02258,50,57.21,Month-to-month,Fiber optic,Bank transfer,4,0,0
C02259,33,95.98,Month-to-month,Fiber optic,Mailed check,1,1,1
C02260,7,53.88,Month-to-month,DSL,Credit card,3,1,0
C02261,70,115.21,One year,Fiber optic,Mailed check,0,1,1
C02262,15,93.79,One year,Fiber optic,Mailed check,0,0,1
C02263,32,79.74,Month-to-month,DSL,Electronic check,2,1,1
C02264,20,108.09,Month-to-month,DSL,Electronic check,1,0,1
C02265,15,24.96,Two year,Fiber optic,Mailed check,0,0,0
C02266,48,45.71,Month-to-month,DSL,Electronic check,1,0,0
C02267,71,66.5,Two year,No,Mailed check,3,1,0
C02268,21,42.7,Two year,Fiber optic,Electronic check,2,0,0
C02269,42,94.39,One year,Fiber optic,Bank transfer,1,0,0
C02270,26,111.92,Month-to-month,No,Electronic check,0,0,0
C02271,14,62.38,Two year,No,Electronic check,2,0,0
C02272,57,54.21,One year,Fiber optic,Bank transfer,0,1,0
C02273,37,116.16,One year,DSL,Mailed check,1,0,0
C02274,58,64.49,Month-to-month,Fiber optic,Electronic check,0,0,1
C02275,21,68.9,Month-to-month,Fiber optic,Electronic check,0,0,1
C02276,69,55.16,Month-to-month,DSL,Bank transfer,1,0,0
C02277,3,110.95,Month-to-month,No,Bank transfer,1,0,1
C02278,37,76.9,One year,DSL,Bank transfer,0,0,0
C02279,49,96.22,Month-to-month,DSL,Credit card,0,0,1
C02280,19,101.18,Month-to-month,DSL,Bank transfer,1,0,1
C02281,12,54.18,Month-to-month,Fiber optic,Mailed check,1,0,1
C02282,61,63.37,One year,Fiber optic,Electronic check,0,0,0
C02283,41,104.85,Two year,DSL,Electronic check,0,0,0
C02284,33,56.33,Month-to-month,DSL,Credit card,0,1,0
C02285,50,99.39,Month-to-month,DSL,Electronic check,2,0,1
C02286,68,114.1,Month-to-month,Fiber optic,Electronic check,0,0,0
C02287,71,82.32,One year,DSL,Mailed check,0,0,0
C02288,33,94.16,One year,No,Electronic check,1,0,0
C02289,24,100.51,Two year,DSL,Mailed check,1,1,1
C02290,61,104.5,Month-to-month,No,Credit card,1,0,1
C02291,61,,Two year,DSL,Mailed check,3,0,0
C02292,28,25.13,Month-to-month,Fiber optic,Bank transfer,1,0,0
C02293,58,60.19,One year,DSL,Bank transfer,1,0,0
C02294,43,87.38,Month-to-month,,Credit card,1,0,1
C02295,41,65.04,Two year,No,Electronic check,3,0,0
C02296,39,94.9,Month-to-month,No,Mailed check,1,0,0
C02297,49,55.7,One year,Fiber optic,Bank transfer,2,1,0
C02298,17,83.47,Two year,Fiber optic,Mailed check,0,0,0
C02299,70,38.64,Month-to-month,Fiber optic,Bank transfer,2,1,0
C02300,70,94.94,Month-to-month,No,Mailed check,0,0,0
C02301,65,74.57,Two year,DSL,Electronic check,2,0,0
C02302,5,40.41,Month-to-month,Fiber optic,Credit card,2,0,1
C02303,2,49.19,Month-to-month,Fiber optic,Electronic check,2,0,0
C02304,22,94.86,Month-to-month,Fiber optic,Mailed check,0,0,0
C02305,57,68.26,One year,No,Bank transfer,1,0,0
C02306,66,41.6,Month-to-month,DSL,Bank transfer,2,0,0
C02307,16,116.73,Month-to-month,DSL,Credit card,0,0,1
C02308,51,91.51,Month-to-month,Fiber optic,Electronic check,2,0,1
C02309,39,115.71,Month-to-month,Fiber optic,Electronic check,2,0,0
C02310,40,62.71,Two year,DSL,Electronic check,0,1,0
C02311,38,67.51,Two year,Fiber optic,Bank transfer,2,0,0
C02312,60,109.8,One year,No,Credit card,0,0,0
C02313,59,72.5,Month-to-month,DSL,Bank transfer,2,0,0
C02314,10,90.73,Two year,,Electronic check,2,0,1
C02315,64,45.22,Month-to-month,Fiber optic,Mailed check,0,0,0
C02316,63,64.67,Month-to-month,Fiber optic,Bank transfer,2,0,1
C02317,49,32.34,Two year,,Credit card,0,0,1
C02318,64,40.6,One year,Fiber optic,Electronic check,1,0,0
C02319,32,20.09,One year,Fiber optic,Mailed check,0,0,0
C02320,7,23.93,One year,Fiber optic,Bank transfer,0,0,0
C02321,21,117.73,Month-to-month,Fiber optic,Mailed check,2,0,0
C02322,20,44.24,Month-to-month,Fiber optic,Mailed check,1,0,0
C02323,26,86.33,One year,No,Credit card,2,1,0
C02324,68,103.91,Month-to-month,Fiber optic,Bank transfer,0,0,0
C02325,15,75.07,Month-to-month,DSL,Credit card,1,1,0
C02326,14,35.31,One year,DSL,Electronic check,1,0,0
C02327,27,92.81,One year,DSL,Mailed check,3,0,0
C02328,40,80.03,Month-to-month,DSL,Credit card,3,0,0
C02329,58,93.13,One year,No,Credit card,0,1,0
C02330,28,96.97,Two year,Fiber optic,Electronic check,3,0,0
C02331,26,117.54,One year,Fiber optic,Bank transfer,1,0,0
C02332,63,77.36,Month-to-month,Fiber optic,Credit card,1,0,0
C02333,66,54.16,Month-to-month,No,Mailed check,0,1,0
C02334,25,84.85,Month-to-month,Fiber optic,Mailed check,0,0,0
C02335,3,26.84,Month-to-month,No,Mailed check,1,0,0
C02336,44,109.74,Month-to-month,Fiber optic,Mailed check,0,0,0
C02337,42,31.94,Month-to-month,No,Credit card,1,0,1
C02338,6,52.78,Month-to-month,Fiber optic,Mailed check,2,0,1
C02339,39,101.57,Two year,DSL,Credit card,3,0,0
C02340,52,79.73,Month-to-month,Fiber optic,Bank transfer,1,0,0
C02341,23,59.36,One year,Fiber optic,Mailed check,4,0,1
C02342,50,67.34,One year,DSL,Bank transfer,0,0,0
C02343,43,105.45,Month-to-month,Fiber optic,Credit card,0,0,0
C02344,19,54.0,Two year,DSL,Electronic check,2,0,0
C02345,69,,One year,DSL,Bank transfer,2,0,0
C02346,51,28.81,Month-to-month,No,Mailed check,2,0,0
C02347,11,97.68,One year,Fiber optic,Electronic check,1,0,0
C02348,12,104.75,Month-to-month,No,Bank transfer,1,0,1
C02349,8,38.18,One year,Fiber optic,Credit card,1,0,0
C02350,24,63.03,Month-to-month,Fiber optic,Credit card,1,0,1
C02351,41,36.55,Two year,Fiber optic,Credit card,0,0,0
C02352,36,90.66,Month-to-month,Fiber optic,Bank transfer,3,0,1
C02353,55,,One year,No,Credit card,0,0,0
C02354,9,83.53,Month-to-month,DSL,Bank transfer,0,0,0
C02355,47,39.65,One year,No,Mailed check,2,0,0
C02356,15,41.17,One year,No,Mailed check,2,0,1
C02357,48,24.15,Month-to-month,Fiber optic,Bank transfer,4,0,1
C02358,42,52.21,One year,No,Bank transfer,4,0,0
C02359,60,75.97,Month-to-month,Fiber optic,Electronic check,2,1,1
C02360,70,105.79,Two year,No,Credit card,1,1,0
C02361,12,86.69,Month-to-month,Fiber optic,Mailed check,1,0,0
C02362,2,63.54,Two year,DSL,Mailed check,0,0,0
C02363,7,115.31,Two year,No,Electronic check,2,0,1
C02364,3,91.92,Month-to-month,Fiber optic,Bank transfer,2,1,1
C02365,3,113.02,Month-to-month,,Bank transfer,1,0,0
C02366,27,72.76,Month-to-month,,Electronic check,2,0,0
C02367,40,,Two year,DSL,Credit card,0,0,0
C02368,33,25.28,Month-to-month,Fiber optic,Bank transfer,1,0,0
C02369,1,92.61,Month-to-month,No,Bank transfer,1,0,1
C02370,8,32.13,Two year,DSL,Credit card,1,0,0
C02371,32,50.28,Month-to-month,DSL,Credit card,0,1,0
C02372,48,73.25,One year,DSL,Electronic check,1,0,0
C02373,4,76.44,Month-to-month,Fiber optic,Electronic check,2,0,0
C02374,70,80.06,Month-to-month,Fiber optic,Electronic check,1,0,0
C02375,19,36.63,One year,Fiber optic,Bank transfer,0,0,0
C02376,32,57.97,Month-to-month,No,Electronic check,2,0,1
C02377,9,81.72,Month-to-month,Fiber optic,Bank transfer,0,0,1
C02378,12,116.98,Two year,DSL,Mailed check,2,1,1
C02379,11,92.76,Month-to-month,No,Credit card,2,0,0
C02380,46,112.26,Two year,Fiber optic,Credit card,0,0,0
C02381,16,96.22,Two year,Fiber optic,Mailed check,1,1,0
C02382,1,79.17,Month-to-month,Fiber optic,Electronic check,2,1,1
C02383,63,39.2,Month-to-month,No,Bank transfer,2,0,1
C02384,21,86.67,One year,Fiber optic,Bank transfer,1,0,0
C02385,30,82.34,Month-to-month,Fiber optic,Bank transfer,2,0,0
C02386,13,80.25,Month-to-month,Fiber optic,Credit card,4,0,0
C02387,34,68.98,One year,DSL,Electronic check,0,1,0
C02388,4,72.87,Month-to-month,Fiber optic,Bank transfer,1,0,1
C02389,28,53.44,Two year,Fiber optic,Bank transfer,2,0,1
C02390,59,71.93,Month-to-month,,Bank transfer,2,0,1
C02391,27,,Month-to-month,DSL,Mailed check,2,0,1
C02392,69,100.52,Month-to-month,DSL,Bank transfer,0,0,0
C02393,25,38.58,Two year,Fiber optic,Mailed check,0,1,0
C02394,3,28.5,One year,No,Bank transfer,1,0,1
C02395,68,63.62,Two year,No,Bank transfer,1,1,0
C02396,25,85.83,Month-to-month,DSL,Bank transfer,2,0,0
C02397,20,63.77,Month-to-month,,Mailed check,1,0,1
C02398,34,47.68,Month-to-month,No,Bank transfer,1,0,0
C02399,26,75.82,Month-to-month,DSL,Electronic check,4,0,1
C02400,5,54.7,One year,Fiber optic,Bank transfer,1,0,0
C02401,61,113.29,One year,Fiber optic,Mailed check,0,0,0
C02402,9,112.26,Month-to-month,DSL,Mailed check,1,0,0
C02403,50,70.24,Two year,No,Electronic check,1,0,1
C02404,6,52.79,Month-to-month,No,Credit card,1,0,0
C02405,60,93.71,Two year,DSL,Electronic check,1,1,0
C02406,44,23.67,Month-to-month,DSL,Electronic check,0,0,0
C02407,11,67.48,Month-to-month,DSL,Mailed check,2,0,1
C02408,66,53.63,Month-to-month,DSL,Bank transfer,0,0,0
C02409,47,112.05,Month-to-month,Fiber optic,Bank transfer,1,0,0
C02410,3,21.2,One year,Fiber optic,Credit card,2,0,1
C02411,30,75.28,Month-to-month,DSL,Credit card,1,0,0
C02412,21,94.07,Month-to-month,No,Credit card,3,0,1
C02413,28,68.5,One year,Fiber optic,Credit card,1,0,1
C02414,62,28.54,One year,DSL,Electronic check,2,0,0
C02415,33,117.25,Two year,DSL,Electronic check,1,1,0
C02416,35,71.8,Month-to-month,Fiber optic,Bank transfer,3,0,1
C02417,52,81.42,One year,Fiber optic,Electronic check,2,0,0
C02418,34,43.66,One year,DSL,Bank transfer,3,1,0
C02419,41,68.35,Month-to-month,DSL,Bank transfer,1,1,0
C02420,51,62.91,Month-to-month,No,Bank transfer,1,0,0
C02421,47,27.49,Month-to-month,No,Bank transfer,4,0,1
C02422,58,30.62,Month-to-month,DSL,Mailed check,0,1,0
C02423,57,,Month-to-month,Fiber optic,Bank transfer,1,0,1
C02424,23,43.98,Month-to-month,,Electronic check,1,0,1
C02425,48,39.5,One year,Fiber optic,Electronic check,2,0,0
C02426,22,70.49,One year,Fiber optic,Electronic check,0,0,0
C02427,17,96.87,Two year,No,Electronic check,1,1,0
C02428,69,,One year,Fiber optic,Mailed check,1,0,0
C02429,11,77.68,Month-to-month,Fiber optic,Credit card,2,0,1
C02430,15,31.92,Two year,Fiber optic,Credit card,3,1,1
C02431,35,23.65,Two year,No,Bank transfer,0,0,0
C02432,33,25.27,Month-to-month,Fiber optic,Bank transfer,0,0,0
C02433,16,103.42,One year,DSL,Electronic check,1,1,1
C02434,34,31.8,Two year,DSL,Electronic check,2,0,0
C02435,66,24.52,Month-to-month,Fiber optic,Credit card,0,0,1
C02436,40,63.79,Two year,DSL,Credit card,1,1,0
C02437,28,104.4,Month-to-month,Fiber optic,Electronic check,1,0,0
C02438,47,46.24,Month-to-month,No,Bank transfer,0,0,0
C02439,39,62.17,Month-to-month,Fiber optic,Mailed check,1,0,1
C02440,70,23.99,One year,No,Mailed check,2,0,0
C02441,20,64.91,Two year,DSL,Credit card,3,0,0
C02442,1,77.76,Two year,No,Credit card,1,0,1
C02443,63,77.09,Month-to-month,Fiber optic,Credit card,2,0,0
C02444,67,53.24,Month-to-month,Fiber optic,Mailed check,2,1,0
C02445,4,51.55,Two year,,Mailed check,2,0,0
C02446,58,30.66,One year,DSL,Electronic check,3,0,0
C02447,25,56.68,Month-to-month,Fiber optic,Bank transfer,0,0,0
C02448,47,29.95,Month-to-month,Fiber optic,Credit card,3,0,1
C02449,38,96.66,One year,DSL,Electronic check,2,0,0
C02450,15,116.63,One year,Fiber optic,Mailed check,2,0,1
C02451,63,117.01,Month-to-month,Fiber optic,Electronic check,4,1,1
C02452,21,106.51,Month-to-month,DSL,Mailed check,2,0,0
C02453,57,80.08,Two year,DSL,Bank transfer,0,1,0
C02454,53,90.09,One year,Fiber optic,Mailed check,1,0,0
C02455,46,48.52,Month-to-month,Fiber optic,Electronic check,1,0,0
C02456,14,83.08,Month-to-month,No,Bank transfer,0,0,1
C02457,17,65.56,One year,No,Mailed check,5,0,0
C02458,39,68.2,Month-to-month,Fiber optic,Credit card,2,0,0
C02459,9,95.78,Month-to-month,Fiber optic,Mailed check,2,1,1
C02460,6,48.19,Month-to-month,,Bank transfer,0,0,1
C02461,23,51.8,Month-to-month,Fiber optic,Electronic check,5,0,1
C02462,59,112.46,One year,DSL,Bank transfer,3,0,0
C02463,46,25.62,Month-to-month,,Electronic check,4,0,1
C02464,38,68.56,One year,Fiber optic,Mailed check,0,0,0
C02465,14,111.28,Month-to-month,DSL,Mailed check,2,0,1
C02466,62,81.04,Month-to-month,Fiber optic,Bank transfer,0,1,1
C02467,35,74.64,Month-to-month,No,Credit card,0,0,0
C02468,19,44.97,Two year,,Mailed check,1,0,0
C02469,30,54.33,Two year,Fiber optic,Credit card,1,0,0
C02470,25,105.2,Month-to-month,No,Credit card,2,0,0
C02471,40,75.92,One year,Fiber optic,Bank transfer,1,0,1
C02472,14,71.47,One year,DSL,Mailed check,2,0,1
C02473,26,,Two year,DSL,Credit card,0,0,1
C02474,22,21.6,Month-to-month,Fiber optic,Mailed check,1,1,1
C02475,48,116.37,One year,,Electronic check,1,0,1
C02476,51,57.7,Month-to-month,DSL,Credit card,1,0,0
C02477,3,80.32,Month-to-month,DSL,Bank transfer,1,0,1
C02478,42,27.97,Two year,No,Bank transfer,3,0,0
C02479,19,88.31,Month-to-month,Fiber optic,Credit card,3,1,1
C02480,28,113.26,Month-to-month,No,Mailed check,2,1,1
C02481,45,77.57,Month-to-month,Fiber optic,Electronic check,0,1,0
C02482,71,32.61,One year,No,Electronic check,5,0,0
C02483,63,78.17,One year,DSL,Bank transfer,0,1,0
C02484,19,96.63,Month-to-month,Fiber optic,Bank transfer,0,1,0
C02485,47,60.64,Two year,DSL,Mailed check,0,0,0
C02486,14,107.98,Month-to-month,Fiber optic,Bank transfer,0,0,0
C02487,38,84.87,Month-to-month,Fiber optic,Mailed check,3,0,1
C02488,53,109.92,Two year,DSL,Credit card,3,0,0
C02489,61,82.35,Month-to-month,No,Electronic check,0,0,0
C02490,36,33.13,Month-to-month,No,Credit card,2,0,1
C02491,40,50.97,Month-to-month,DSL,Bank transfer,1,0,0
C02492,30,40.18,Two year,Fiber optic,Electronic check,1,0,0
C02493,9,110.88,Month-to-month,Fiber optic,Electronic check,1,0,1
C02494,64,96.04,Two year,Fiber optic,Credit card,1,0,0
C02495,33,,One year,No,Mailed check,1,0,0
C02496,52,50.1,Month-to-month,DSL,Electronic check,1,1,0
C02497,14,38.4,One year,,Mailed check,0,1,0
C02498,53,95.65,Month-to-month,DSL,Credit card,1,1,0
C02499,59,67.42,Month-to-month,Fiber optic,Credit card,0,0,0
C02500,41,42.58,One year,Fiber optic,Mailed check,0,0,1
C02501,68,81.66,Two year,DSL,Credit card,2,0,0
C02502,68,24.03,Month-to-month,DSL,Electronic check,0,0,0
C02503,8,52.62,Month-to-month,No,Credit card,1,1,1
C02504,2,66.86,Month-to-month,,Credit card,3,0,1
C02505,41,34.8,Month-to-month,DSL,Electronic check,3,0,0
C02506,55,118.47,Month-to-month,Fiber optic,Mailed check,2,0,0
C02507,16,40.91,Month-to-month,DSL,Credit card,1,1,1
C02508,62,33.04,One year,DSL,Mailed check,3,0,0
C02509,48,40.35,Month-to-month,Fiber optic,Electronic check,0,0,0
C02510,30,96.91,Month-to-month,DSL,Mailed check,0,0,0
C02511,12,62.55,Two year,No,Mailed check,3,0,0
C02512,35,76.54,Two year,Fiber optic,Bank transfer,3,0,0
C02513,11,22.1,Month-to-month,No,Bank transfer,3,1,1
C02514,64,23.44,Month-to-month,Fiber optic,Credit card,5,0,0
C02515,50,64.58,One year,No,Bank transfer,2,0,0
C02516,21,101.67,Month-to-month,Fiber optic,Bank transfer,0,1,0
C02517,69,108.52,Month-to-month,Fiber optic,Bank transfer,2,0,0
C02518,48,28.67,One year,No,Mailed check,0,1,0
C02519,20,73.84,Month-to-month,Fiber optic,Mailed check,3,1,1
C02520,67,111.32,Month-to-month,DSL,Bank transfer,0,0,0
C02521,44,58.8,Month-to-month,Fiber optic,Electronic check,1,0,0
C02522,33,102.96,Month-to-month,No,Bank transfer,0,0,0
C02523,61,33.37,Month-to-month,Fiber optic,Electronic check,0,1,0
C02524,9,113.54,Two year,Fiber optic,Mailed check,0,1,1
C02525,68,95.14,Month-to-month,Fiber optic,Electronic check,0,0,1
C02526,35,114.13,Month-to-month,No,Mailed check,1,0,0
C02527,65,87.66,Month-to-month,DSL,Electronic check,2,0,0
C02528,8,56.34,Two year,Fiber optic,Mailed check,4,1,1
C02529,45,113.82,Month-to-month,DSL,Mailed check,2,0,0
C02530,47,47.56,Month-to-month,Fiber optic,Bank transfer,3,0,1
C02531,40,53.22,Two year,Fiber optic,Credit card,2,0,0
C02532,54,90.08,Month-to-month,DSL,Credit card,4,0,1
C02533,46,96.53,Month-to-month,DSL,Mailed check,4,1,0
C02534,47,112.94,Month-to-month,Fiber optic,Bank transfer,1,0,0
C02535,15,40.48,Month-to-month,DSL,Credit card,0,0,1
C02536,19,,Month-to-month,DSL,Credit card,1,0,1
C02537,26,93.85,One year,No,Bank transfer,1,0,0
C02538,52,26.38,Month-to-month,DSL,Bank transfer,2,0,0
C02539,22,58.72,One year,Fiber optic,Credit card,0,0,0
C02540,21,48.28,Month-to-month,No,Credit card,1,0,1
C02541,51,,Month-to-month,DSL,Electronic check,0,1,0
C02542,38,118.29,Month-to-month,Fiber optic,Electronic check,1,0,1
C02543,20,84.28,Two year,Fiber optic,Mailed check,0,1,0
C02544,29,91.77,Month-to-month,,Credit card,1,0,0
C02545,51,,One year,No,Bank transfer,1,0,0
C02546,4,57.72,Month-to-month,No,Bank transfer,1,0,0
C02547,55,100.18,Month-to-month,Fiber optic,Credit card,0,0,1
C02548,71,63.45,Month-to-month,DSL,Mailed check,2,0,0
C02549,28,106.95,Month-to-month,DSL,Bank transfer,1,0,0
C02550,4,38.07,Month-to-month,Fiber optic,Credit card,0,0,1
C02551,22,114.77,Month-to-month,DSL,Credit card,0,0,1
C02552,45,41.88,One year,Fiber optic,Mailed check,1,0,0
C02553,67,52.62,Month-to-month,Fiber optic,Credit card,1,0,0
C02554,66,95.62,One year,DSL,Bank transfer,1,0,0
C02555,34,59.38,Month-to-month,No,Electronic check,2,0,1
C02556,55,80.82,Month-to-month,DSL,Mailed check,1,0,0
C02557,1,64.46,One year,Fiber optic,Credit card,1,1,0
C02558,38,94.24,Month-to-month,Fiber optic,Mailed check,0,0,1
C02559,6,42.83,Month-to-month,Fiber optic,Credit card,2,1,1
C02560,25,25.85,One year,Fiber optic,Electronic check,0,0,0
C02561,17,49.99,Two year,DSL,Mailed check,1,1,0
C02562,61,67.43,Month-to-month,Fiber optic,Credit card,2,0,0
C02563,12,36.8,Month-to-month,Fiber optic,Electronic check,0,0,0
C02564,6,55.48,Two year,No,Bank transfer,2,0,0
C02565,27,60.0,Month-to-month,Fiber optic,Credit card,1,0,0
C02566,8,25.74,One year,Fiber optic,Electronic check,1,1,0
C02567,65,78.33,Month-to-month,Fiber optic,Electronic check,3,0,0
C02568,57,108.43,Month-to-month,No,Mailed check,1,0,1
C02569,40,35.17,One year,DSL,Credit card,2,0,0
C02570,14,79.78,Month-to-month,Fiber optic,Bank transfer,0,0,1
C02571,35,86.47,Month-to-month,Fiber optic,Credit card,1,0,1
C02572,48,61.93,Month-to-month,Fiber optic,Electronic check,0,0,1
C02573,56,90.11,One year,DSL,Bank transfer,1,0,0
C02574,49,61.07,One year,Fiber optic,Electronic check,1,0,0
C02575,13,70.46,Month-to-month,DSL,Mailed check,1,0,1
C02576,61,20.74,Month-to-month,Fiber optic,Credit card,3,0,1
C02577,49,89.17,One year,Fiber optic,Electronic check,3,0,0
C02578,46,86.13,One year,No,Electronic check,2,0,0
C02579,62,23.84,One year,Fiber optic,Credit card,2,0,0
C02580,8,56.83,Month-to-month,DSL,Bank transfer,1,1,1
C02581,43,117.9,One year,DSL,Electronic check,2,0,0
C02582,20,62.07,One year,No,Credit card,1,1,0
C02583,39,70.19,Month-to-month,DSL,Mailed check,2,0,1
C02584,49,110.99,Month-to-month,Fiber optic,Mailed check,3,1,1
C02585,64,91.73,Month-to-month,DSL,Credit card,2,0,0
C02586,62,78.21,One year,Fiber optic,Electronic check,1,0,0
C02587,54,99.78,Month-to-month,Fiber optic,Credit card,1,0,1
C02588,9,106.44,One year,Fiber optic,Credit card,0,0,1
C02589,37,65.69,Two year,Fiber optic,Electronic check,0,1,0
C02590,49,67.51,One year,No,Bank transfer,1,0,0
C02591,41,58.61,Two year,Fiber optic,Bank transfer,1,0,0
C02592,17,116.67,Two year,Fiber optic,Mailed check,2,0,0
C02593,21,89.72,Month-to-month,,Bank transfer,3,1,1
C02594,51,28.32,One year,No,Credit card,0,0,0
C02595,59,106.3,Month-to-month,DSL,Electronic check,2,0,0
C02596,39,68.06,Two year,No,Mailed check,1,0,0
C02597,55,26.88,Month-to-month,DSL,Bank transfer,2,0,0
C02598,41,74.97,Two year,Fiber optic,Credit card,1,1,0
C02599,39,61.72,One year,No,Mailed check,1,0,0
C02600,13,107.77,One year,DSL,Electronic check,3,0,1
C02601,64,40.4,Month-to-month,DSL,Bank transfer,0,0,0
C02602,11,102.65,Month-to-month,DSL,Credit card,0,1,0
C02603,19,75.77,One year,Fiber optic,Electronic check,2,0,1
C02604,11,25.46,Month-to-month,Fiber optic,Credit card,0,1,0
C02605,46,117.18,Two year,Fiber optic,Credit card,0,0,0
C02606,45,71.26,Month-to-month,No,Credit card,0,0,1
C02607,1,49.09,One year,Fiber optic,Electronic check,2,0,0
C02608,40,66.94,Month-to-month,DSL,Mailed check,1,0,0
C02609,19,105.79,One year,No,Credit card,0,1,0
C02610,61,50.49,One year,DSL,Mailed check,2,0,0
C02611,12,39.27,Month-to-month,DSL,Mailed check,0,0,1
C02612,61,32.91,Month-to-month,DSL,Bank transfer,0,1,0
C02613,33,49.79,Month-to-month,Fiber optic,Bank transfer,0,0,0
C02614,45,98.0,One year,DSL,Mailed check,0,0,0
C02615,69,67.16,Month-to-month,DSL,Bank transfer,0,0,0
C02616,8,42.75,One year,DSL,Bank transfer,1,0,0
C02617,25,36.62,Month-to-month,DSL,Mailed check,0,1,0
C02618,46,53.27,Month-to-month,Fiber optic,Electronic check,3,0,1
C02619,30,113.99,Month-to-month,No,Bank transfer,1,0,1
C02620,47,54.3,Month-to-month,Fiber optic,Bank transfer,1,0,0
C02621,49,118.81,Month-to-month,DSL,Electronic check,0,0,1
C02622,47,68.52,Two year,DSL,Electronic check,3,0,0
C02623,18,37.92,Two year,No,Electronic check,1,0,0
C02624,66,109.11,Month-to-month,DSL,Mailed check,3,0,1
C02625,68,66.04,One year,No,Electronic check,1,0,0
C02626,33,90.97,Two year,DSL,Mailed check,0,0,1
C02627,36,118.37,Month-to-month,,Credit card,1,0,1
C02628,19,25.02,Month-to-month,DSL,Credit card,0,0,0
C02629,28,29.67,Month-to-month,Fiber optic,Electronic check,0,0,1
C02630,40,92.05,Month-to-month,Fiber optic,Electronic check,1,0,0
C02631,15,48.18,Two year,Fiber optic,Credit card,1,1,0
C02632,41,38.43,One year,DSL,Mailed check,0,0,0
C02633,39,23.94,Month-to-month,Fiber optic,Mailed check,4,0,1
C02634,2,22.18,Month-to-month,Fiber optic,Electronic check,0,1,1
C02635,63,97.45,One year,DSL,Electronic check,0,0,0
C02636,29,33.44,Two year,DSL,Electronic check,4,0,1
C02637,66,66.77,One year,,Credit card,0,1,0
C02638,51,80.59,One year,DSL,Bank transfer,0,0,0
C02639,10,62.84,Month-to-month,Fiber optic,Electronic check,0,0,1
C02640,14,22.71,Two year,DSL,Mailed check,0,0,0
C02641,51,98.35,One year,Fiber optic,Bank transfer,1,1,0
C02642,39,21.05,Month-to-month,DSL,Mailed check,0,1,1
C02643,28,96.19,One year,Fiber optic,Bank transfer,1,1,0
C02644,3,109.33,Month-to-month,DSL,Credit card,1,0,1
C02645,70,63.28,Month-to-month,DSL,Bank transfer,2,0,0
C02646,27,73.55,Month-to-month,DSL,Mailed check,0,0,0
C02647,2,67.7,Month-to-month,No,Bank transfer,3,0,0
C02648,38,58.92,Month-to-month,DSL,Credit card,3,1,1
C02649,3,108.74,Month-to-month,Fiber optic,Mailed check,3,0,1
C02650,16,109.39,Month-to-month,DSL,Electronic check,1,0,1
C02651,40,53.58,Month-to-month,DSL,Bank transfer,0,0,0
C02652,2,81.51,Month-to-month,Fiber optic,Mailed check,1,0,1
C02653,41,112.69,Month-to-month,Fiber optic,Bank transfer,2,0,1
C02654,12,116.21,One year,No,Credit card,2,0,0
C02655,35,70.9,Month-to-month,No,Mailed check,1,0,0
C02656,65,65.28,Month-to-month,Fiber optic,Electronic check,1,0,0
C02657,55,47.87,Two year,Fiber optic,Electronic check,1,1,0
C02658,45,115.89,One year,Fiber optic,Bank transfer,3,0,0
C02659,62,34.28,Two year,Fiber optic,Credit card,1,0,0
C02660,49,,Month-to-month,No,Credit card,1,1,1
C02661,25,48.26,Month-to-month,Fiber optic,Bank transfer,0,0,0
C02662,23,,One year,Fiber optic,Mailed check,0,0,0
C02663,24,60.5,Month-to-month,DSL,Mailed check,2,0,1
C02664,38,119.88,Month-to-month,DSL,Bank transfer,0,0,0
C02665,28,25.5,Month-to-month,No,Mailed check,0,0,0
C02666,21,77.85,Two year,DSL,Mailed check,4,0,1
C02667,54,28.26,Month-to-month,Fiber optic,Mailed check,1,0,1
C02668,18,35.45,Two year,DSL,Bank transfer,0,0,0
C02669,36,63.96,Two year,No,Electronic check,1,0,0
C02670,45,71.05,Month-to-month,,Credit card,1,0,1
C02671,53,,One year,No,Electronic check,1,0,0
C02672,30,51.65,One year,DSL,Mailed check,0,0,0
C02673,60,28.7,Two year,,Bank transfer,5,0,1
C02674,32,50.32,Month-to-month,Fiber optic,Credit card,0,0,0
C02675,67,116.66,One year,,Mailed check,0,0,0
C02676,67,114.47,Month-to-month,,Credit card,0,0,0
C02677,28,53.49,Two year,DSL,Credit card,1,1,0
C02678,44,77.09,Month-to-month,DSL,Electronic check,3,0,1
C02679,41,110.96,Month-to-month,No,Mailed check,0,0,0
C02680,63,20.62,One year,Fiber optic,Credit card,1,0,0
C02681,23,101.07,Two year,Fiber optic,Electronic check,0,0,0
C02682,48,114.84,One year,DSL,Bank transfer,0,0,0
C02683,32,29.13,Month-to-month,Fiber optic,Credit card,0,1,0
C02684,57,36.14,Month-to-month,No,Mailed check,0,0,0
C02685,33,116.07,Two year,Fiber optic,Bank transfer,1,1,0
C02686,24,73.75,One year,No,Credit card,1,0,0
C02687,39,21.42,Two year,No,Credit card,2,0,0
C02688,34,45.76,Month-to-month,DSL,Mailed check,1,1,0
C02689,56,64.99,Month-to-month,DSL,Credit card,3,0,1
C02690,28,89.29,One year,No,Mailed check,1,1,0
C02691,37,93.32,Two year,Fiber optic,Mailed check,1,1,1
C02692,7,119.54,Month-to-month,DSL,Mailed check,0,0,0
C02693,68,48.75,Two year,DSL,Mailed check,3,0,0
C02694,37,73.82,Month-to-month,Fiber optic,Credit card,5,0,1
C02695,56,73.33,Month-to-month,Fiber optic,Bank transfer,0,0,1
C02696,65,60.56,Month-to-month,DSL,Bank transfer,3,0,1
C02697,65,36.92,Month-to-month,DSL,Electronic check,0,0,0
C02698,47,117.75,Month-to-month,No,Mailed check,2,0,0
C02699,20,105.33,Month-to-month,Fiber optic,Credit card,1,0,1
C02700,19,69.83,Month-to-month,Fiber optic,Credit card,0,0,0
C02701,29,80.32,Two year,Fiber optic,Electronic check,0,0,0
C02702,60,42.73,Month-to-month,Fiber optic,Bank transfer,1,0,0
C02703,18,74.38,Month-to-month,Fiber optic,Credit card,0,0,0
C02704,35,89.5,Month-to-month,Fiber optic,Electronic check,4,0,1
C02705,43,71.52,Month-to-month,DSL,Bank transfer,1,0,0
C02706,11,119.03,One year,Fiber optic,Credit card,2,0,1
C02707,49,81.13,Month-to-month,Fiber optic,Mailed check,1,1,1
C02708,38,57.1,One year,No,Electronic check,2,0,0
C02709,64,97.22,One year,DSL,Credit card,0,0,0
C02710,69,37.05,Month-to-month,No,Electronic check,0,0,0
C02711,8,58.45,Month-to-month,No,Electronic check,3,0,1
C02712,34,54.7,Month-to-month,DSL,Electronic check,0,0,0
C02713,48,63.18,Month-to-month,Fiber optic,Mailed check,1,0,0
C02714,56,98.18,One year,Fiber optic,Bank transfer,0,0,0
C02715,65,68.42,One year,No,Bank transfer,1,0,0
C02716,31,,Month-to-month,Fiber optic,Credit card,0,1,0
C02717,4,77.65,Month-to-month,Fiber optic,Mailed check,1,0,1
C02718,50,,Month-to-month,Fiber optic,Bank transfer,2,0,1
C02719,69,101.0,One year,DSL,Credit card,0,0,1
C02720,30,43.83,Month-to-month,DSL,Credit card,3,0,1
C02721,59,42.44,Month-to-month,Fiber optic,Electronic check,4,0,1
C02722,67,70.45,Month-to-month,Fiber optic,Mailed check,0,0,1
C02723,45,46.08,One year,Fiber optic,Bank transfer,3,0,0
C02724,4,20.91,Two year,Fiber optic,Mailed check,1,0,0
C02725,26,84.83,Month-to-month,DSL,Mailed check,0,0,1
C02726,27,71.11,Month-to-month,Fiber optic,Bank transfer,2,0,0
C02727,46,64.55,Two year,DSL,Bank transfer,0,0,0
C02728,64,116.7,Month-to-month,No,Mailed check,0,0,0
C02729,51,77.12,One year,No,Credit card,2,0,0
C02730,50,106.34,Month-to-month,Fiber optic,Mailed check,0,0,0
C02731,6,33.95,One year,DSL,Bank transfer,2,0,1
C02732,59,76.92,Month-to-month,DSL,Mailed check,3,0,0
C02733,15,106.8,Two year,Fiber optic,Bank transfer,1,0,1
C02734,30,78.31,One year,Fiber optic,Credit card,0,1,0
C02735,42,91.8,One year,Fiber optic,Mailed check,1,0,0
C02736,37,57.2,One year,DSL,Credit card,2,1,0
C02737,42,29.24,One year,Fiber optic,Mailed check,1,0,0
C02738,35,65.79,Month-to-month,Fiber optic,Mailed check,3,0,1
C02739,6,59.45,Two year,DSL,Bank transfer,2,0,0
C02740,68,106.71,Two year,Fiber optic,Electronic check,6,0,0
C02741,18,44.4,Month-to-month,DSL,Bank transfer,0,1,1
C02742,29,,Two year,Fiber optic,Mailed check,1,0,0
C02743,59,115.81,One year,No,Electronic check,1,0,0
C02744,47,44.76,Month-to-month,Fiber optic,Electronic check,3,0,1
C02745,17,,Month-to-month,No,Credit card,2,0,1
C02746,22,109.56,Month-to-month,Fiber optic,Mailed check,0,1,1
C02747,68,116.66,Month-to-month,DSL,Bank transfer,3,0,0
C02748,69,64.34,Month-to-month,Fiber optic,Electronic check,0,0,0
C02749,37,52.1,Month-to-month,Fiber optic,Electronic check,1,0,0
C02750,49,72.61,Month-to-month,Fiber optic,Bank transfer,1,1,0
C02751,13,88.78,Month-to-month,DSL,Bank transfer,5,0,0
C02752,34,47.35,Two year,,Electronic check,0,1,0
C02753,53,93.65,Month-to-month,DSL,Bank transfer,0,0,0
C02754,51,,Month-to-month,DSL,Credit card,1,0,0
C02755,3,24.93,Month-to-month,Fiber optic,Electronic check,1,0,1
C02756,42,58.63,Month-to-month,DSL,Credit card,0,0,0
C02757,32,55.35,One year,No,Mailed check,0,0,0
C02758,51,51.56,One year,Fiber optic,Credit card,5,0,1
C02759,46,69.1,One year,Fiber optic,Bank transfer,2,0,0
C02760,21,52.07,Month-to-month,,Electronic check,4,0,1
C02761,44,39.23,One year,Fiber optic,Credit card,1,1,1
C02762,11,50.95,Month-to-month,DSL,Bank transfer,3,0,1
C02763,68,117.49,Month-to-month,No,Bank transfer,0,0,0
C02764,1,61.11,Month-to-month,Fiber optic,Credit card,0,0,0
C02765,63,64.47,Month-to-month,No,Electronic check,2,0,0
C02766,24,,Month-to-month,Fiber optic,Credit card,2,1,1
C02767,13,118.33,Month-to-month,DSL,Mailed check,0,0,1
C02768,11,44.16,Two year,Fiber optic,Credit card,0,0,0
C02769,51,88.13,Month-to-month,DSL,Credit card,3,0,1
C02770,17,91.6,Month-to-month,Fiber optic,Electronic check,2,0,1
C02771,24,80.73,Month-to-month,DSL,Credit card,1,0,0
C02772,19,28.86,One year,,Bank transfer,0,0,0
C02773,37,87.69,Month-to-month,No,Electronic check,1,0,0
C02774,8,26.41,Two year,,Bank transfer,2,0,0
C02775,28,79.61,Two year,No,Electronic check,2,1,1
C02776,5,93.96,Month-to-month,Fiber optic,Mailed check,2,0,1
C02777,17,41.1,Month-to-month,Fiber optic,Mailed check,4,1,1
C02778,36,104.16,Month-to-month,No,Mailed check,1,1,1
C02779,19,23.04,One year,No,Credit card,3,0,0
C02780,64,104.38,Month-to-month,Fiber optic,Mailed check,3,0,0
C02781,11,66.03,Month-to-month,DSL,Electronic check,1,0,0
C02782,54,41.76,Month-to-month,Fiber optic,Mailed check,1,0,0
C02783,45,33.38,One year,DSL,Electronic check,1,0,1
C02784,47,115.33,Month-to-month,Fiber optic,Bank transfer,2,0,1
C02785,12,,Month-to-month,Fiber optic,Credit card,0,0,1
C02786,21,39.91,One year,No,Bank transfer,0,0,0
C02787,11,54.78,One year,No,Bank transfer,1,0,0
C02788,5,82.02,Two year,Fiber optic,Mailed check,1,0,0
C02789,56,74.48,Month-to-month,DSL,Mailed check,1,0,0
C02790,20,32.56,One year,No,Mailed check,1,0,0
C02791,41,48.97,One year,DSL,Bank transfer,0,1,0
C02792,46,43.88,Month-to-month,,Credit card,1,0,1
C02793,12,41.35,One year,DSL,Credit card,3,0,0
C02794,70,61.11,Month-to-month,Fiber optic,Bank transfer,0,0,0
C02795,17,90.4,Two year,No,Credit card,1,0,0
C02796,19,41.75,Month-to-month,,Bank transfer,0,0,0
C02797,26,56.67,One year,Fiber optic,Bank transfer,1,0,1
C02798,48,59.09,Month-to-month,DSL,Credit card,2,1,0
C02799,52,117.65,Two year,No,Electronic check,1,0,0
C02800,70,115.47,Month-to-month,No,Electronic check,2,0,0
C02801,55,100.01,Two year,DSL,Mailed check,0,0,0
C02802,33,44.17,Two year,DSL,Credit card,3,0,0
C02803,62,26.8,Month-to-month,Fiber optic,Mailed check,0,0,1
C02804,23,51.69,Two year,DSL,Bank transfer,0,0,0
C02805,15,46.68,Two year,Fiber optic,Electronic check,0,1,0
C02806,27,70.59,Month-to-month,DSL,Credit card,2,0,1
C02807,64,97.77,Month-to-month,DSL,Credit card,0,0,0
C02808,51,105.83,Month-to-month,Fiber optic,Credit card,0,0,1
C02809,53,104.49,Month-to-month,DSL,Electronic check,1,1,0
C02810,51,55.97,Month-to-month,No,Mailed check,1,0,0
C02811,47,88.72,Month-to-month,DSL,Electronic check,1,0,1
C02812,4,51.28,Month-to-month,DSL,Mailed check,0,1,1
C02813,7,26.09,Month-to-month,No,Bank transfer,0,0,1
C02814,35,90.16,Month-to-month,Fiber optic,Bank transfer,0,0,1
C02815,48,20.98,Two year,Fiber optic,Mailed check,0,1,0
C02816,45,60.92,One year,DSL,Bank transfer,1,0,1
C02817,19,52.94,Month-to-month,Fiber optic,Bank transfer,3,0,0
C02818,63,89.34,One year,Fiber optic,Credit card,2,0,0
C02819,38,96.62,One year,DSL,Credit card,1,0,0
C02820,67,50.41,Two year,No,Electronic check,1,0,0
C02821,59,,Month-to-month,Fiber optic,Electronic check,1,0,1
C02822,69,49.39,Month-to-month,Fiber optic,Electronic check,0,0,1
C02823,13,64.63,Two year,Fiber optic,Credit card,0,0,0
C02824,47,92.7,Two year,Fiber optic,Electronic check,0,0,0
C02825,61,89.29,One year,DSL,Electronic check,0,1,0
C02826,31,118.74,One year,Fiber optic,Credit card,1,0,1
C02827,22,42.52,Month-to-month,DSL,Mailed check,0,0,1
C02828,43,86.23,Month-to-month,Fiber optic,Credit card,2,0,1
C02829,67,80.97,Month-to-month,Fiber optic,Mailed check,0,0,0
C02830,54,111.51,Month-to-month,Fiber optic,Credit card,1,1,1
C02831,10,35.64,Two year,No,Electronic check,1,0,0
C02832,42,95.18,Month-to-month,DSL,Bank transfer,3,0,1
C02833,64,76.83,Month-to-month,Fiber optic,Bank transfer,1,0,1
C02834,21,47.47,Two year,Fiber optic,Mailed check,3,0,0
C02835,66,67.44,Month-to-month,Fiber optic,Mailed check,0,0,0
C02836,41,53.38,Two year,Fiber optic,Mailed check,1,1,0
C02837,24,77.93,Two year,DSL,Bank transfer,1,0,0
C02838,35,108.9,One year,Fiber optic,Mailed check,0,1,0
C02839,56,76.93,Month-to-month,DSL,Credit card,4,0,1
C02840,30,83.17,Month-to-month,No,Credit card,0,1,1
C02841,57,71.87,Month-to-month,DSL,Bank transfer,3,0,0
C02842,47,25.12,Month-to-month,No,Credit card,1,1,0
C02843,35,43.29,Month-to-month,Fiber optic,Mailed check,0,0,0
C02844,19,69.2,Two year,DSL,Bank transfer,3,1,0
C02845,8,51.02,Month-to-month,Fiber optic,Mailed check,1,0,0
C02846,26,38.18,One year,No,Credit card,2,0,1
C02847,71,70.41,Month-to-month,No,Mailed check,3,0,0
C02848,30,52.28,One year,DSL,Bank transfer,1,1,0
C02849,7,45.81,Two year,DSL,Mailed check,0,0,0
C02850,67,66.4,Month-to-month,DSL,Credit card,1,0,0
C02851,65,33.33,Month-to-month,DSL,Electronic check,1,0,0
C02852,36,112.77,One year,Fiber optic,Bank transfer,0,0,1
C02853,25,106.77,One year,No,Mailed check,2,0,0
C02854,37,90.76,One year,Fiber optic,Bank transfer,0,0,0
C02855,1,30.62,Month-to-month,Fiber optic,Mailed check,1,0,1
C02856,15,97.59,Month-to-month,Fiber optic,Electronic check,1,0,1
C02857,37,100.8,Two year,Fiber optic,Credit card,3,1,1
C02858,13,96.78,Two year,DSL,Mailed check,3,1,1
C02859,8,31.4,Month-to-month,Fiber optic,Mailed check,1,0,1
C02860,5,84.39,Two year,No,Electronic check,1,0,0
C02861,60,103.43,Month-to-month,Fiber optic,Bank transfer,1,0,1
C02862,1,77.74,Month-to-month,DSL,Credit card,0,0,1
C02863,36,84.64,Month-to-month,DSL,Mailed check,0,0,0
C02864,35,65.84,Month-to-month,DSL,Mailed check,1,0,0
C02865,66,72.87,Month-to-month,Fiber optic,Credit card,1,0,1
C02866,63,23.44,Month-to-month,Fiber optic,Electronic check,0,0,1
C02867,23,83.9,Month-to-month,DSL,Bank transfer,1,0,1
C02868,9,28.14,One year,No,Credit card,3,0,0
C02869,34,63.5,One year,Fiber optic,Bank transfer,0,0,0
C02870,46,49.27,One year,Fiber optic,Electronic check,1,0,0
C02871,4,74.54,Two year,No,Electronic check,1,0,0
C02872,30,33.34,Month-to-month,DSL,Credit card,2,0,1
C02873,3,89.16,One year,No,Mailed check,1,0,1
C02874,14,99.5,One year,DSL,Electronic check,4,0,0
C02875,60,36.34,Month-to-month,Fiber optic,Electronic check,1,0,0
C02876,45,30.43,Month-to-month,No,Credit card,0,0,0
C02877,34,34.55,Month-to-month,No,Credit card,0,0,0
C02878,45,107.71,Two year,Fiber optic,Credit card,1,0,0
C02879,61,72.82,Month-to-month,Fiber optic,Electronic check,3,0,1
C02880,16,66.73,Two year,Fiber optic,Bank transfer,0,0,0
C02881,66,30.67,One year,No,Electronic check,0,0,0
C02882,40,84.96,One year,DSL,Credit card,3,0,1
C02883,17,106.8,Two year,No,Mailed check,2,0,0
C02884,34,102.82,One year,Fiber optic,Mailed check,1,1,0
C02885,16,82.61,Month-to-month,Fiber optic,Credit card,0,0,1
C02886,60,27.53,Month-to-month,Fiber optic,Mailed check,0,0,0
C02887,66,31.24,Two year,Fiber optic,Electronic check,1,0,0
C02888,66,24.93,Month-to-month,No,Bank transfer,0,0,0
C02889,13,45.75,Month-to-month,Fiber optic,Electronic check,1,0,1
C02890,56,33.57,Month-to-month,No,Credit card,3,0,0
C02891,31,46.0,Two year,DSL,Electronic check,0,1,1
C02892,34,58.51,Month-to-month,Fiber optic,Mailed check,1,0,0
C02893,39,114.3,One year,No,Electronic check,0,0,0
C02894,67,81.04,Month-to-month,Fiber optic,Bank transfer,0,0,1
C02895,8,103.5,Month-to-month,Fiber optic,Mailed check,3,0,0
C02896,55,91.04,One year,Fiber optic,Bank transfer,0,1,0
C02897,27,31.25,Month-to-month,No,Bank transfer,2,1,0
C02898,53,93.59,One year,No,Bank transfer,1,0,0
C02899,39,47.51,One year,DSL,Electronic check,0,1,0
C02900,65,83.91,Two year,No,Electronic check,1,0,0
C02901,17,54.1,Month-to-month,Fiber optic,Electronic check,0,0,0
C02902,30,119.77,Two year,DSL,Electronic check,2,1,0
C02903,53,46.36,One year,No,Mailed check,2,0,0
C02904,13,47.91,Two year,Fiber optic,Electronic check,2,0,1
C02905,21,113.07,Month-to-month,No,Mailed check,0,0,0
C02906,19,22.46,Month-to-month,DSL,Bank transfer,2,1,1
C02907,53,89.67,Two year,DSL,Mailed check,2,1,0
C02908,19,92.53,Two year,Fiber optic,Credit card,4,1,1
C02909,57,103.64,Month-to-month,DSL,Electronic check,0,1,0
C02910,25,117.44,Month-to-month,Fiber optic,Credit card,1,0,1
C02911,31,117.56,Month-to-month,DSL,Mailed check,1,0,1
C02912,55,26.53,Month-to-month,Fiber optic,Electronic check,0,0,0
C02913,23,102.18,Month-to-month,DSL,Credit card,0,0,1
C02914,32,84.63,Month-to-month,DSL,Electronic check,4,0,1
C02915,62,84.73,Two year,Fiber optic,Mailed check,0,0,0
C02916,10,32.83,Month-to-month,DSL,Credit card,1,0,0
C02917,54,85.02,One year,,Mailed check,1,1,0
C02918,52,118.25,Month-to-month,No,Credit card,2,0,0
C02919,20,111.18,Month-to-month,Fiber optic,Bank transfer,2,1,0
C02920,32,63.91,Month-to-month,No,Bank transfer,1,1,1
C02921,14,23.99,Month-to-month,DSL,Bank transfer,2,0,0
C02922,50,56.23,One year,DSL,Bank transfer,0,0,0
C02923,28,102.64,Two year,No,Bank transfer,0,0,0
C02924,53,90.15,Month-to-month,Fiber optic,Mailed check,0,0,1
C02925,24,65.93,Month-to-month,Fiber optic,Bank transfer,1,0,0
C02926,22,25.51,Month-to-month,Fiber optic,Mailed check,0,0,1
C02927,30,62.69,Two year,Fiber optic,Bank transfer,2,0,1
C02928,63,66.9,One year,DSL,Electronic check,2,0,0
C02929,4,112.86,Month-to-month,,Bank transfer,1,0,1
C02930,59,84.11,One year,Fiber optic,Electronic check,2,0,0
C02931,8,51.17,Two year,Fiber optic,Mailed check,1,0,1
C02932,12,72.53,Month-to-month,No,Bank transfer,1,1,1
C02933,31,26.61,Month-to-month,DSL,Credit card,0,0,0
C02934,34,117.26,Two year,DSL,Mailed check,1,1,1
C02935,49,56.01,One year,No,Bank transfer,1,0,0
C02936,57,67.79,Month-to-month,Fiber optic,Mailed check,0,0,0
C02937,26,55.53,Month-to-month,Fiber optic,Credit card,2,0,1
C02938,18,88.25,Month-to-month,DSL,Bank transfer,1,0,0
C02939,38,86.22,Month-to-month,DSL,Credit card,1,1,1
C02940,50,91.53,One year,Fiber optic,Bank transfer,0,1,0
C02941,8,46.81,Month-to-month,Fiber optic,Electronic check,1,0,0
C02942,41,51.57,One year,,Mailed check,0,0,0
C02943,6,32.53,Two year,No,Credit card,2,0,1
C02944,69,85.55,Month-to-month,No,Mailed check,1,0,0
C02945,44,23.98,Month-to-month,Fiber optic,Credit card,1,0,0
C02946,64,79.77,Month-to-month,Fiber optic,Mailed check,1,0,0
C02947,29,106.97,One year,Fiber optic,Mailed check,2,0,0
C02948,28,109.08,Month-to-month,DSL,Mailed check,1,0,0
C02949,11,64.9,One year,DSL,Electronic check,1,1,0
C02950,65,65.93,Two year,Fiber optic,Bank transfer,5,0,0
C02951,19,27.7,Month-to-month,No,Electronic check,1,0,0
C02952,9,87.08,Two year,DSL,Mailed check,0,0,1
C02953,27,102.13,Two year,DSL,Credit card,2,0,0
C02954,34,44.47,Month-to-month,,Mailed check,0,0,0
C02955,44,62.13,Month-to-month,DSL,Bank transfer,2,0,0
C02956,68,103.88,Two year,Fiber optic,Electronic check,3,0,0
C02957,15,107.71,Two year,DSL,Bank transfer,1,0,0
C02958,51,44.32,Month-to-month,DSL,Credit card,1,0,0
C02959,13,75.06,Month-to-month,No,Bank transfer,1,0,0
C02960,49,39.25,Month-to-month,DSL,Electronic check,2,0,0
C02961,70,30.19,Two year,,Credit card,3,0,0
C02962,56,111.11,Month-to-month,DSL,Bank transfer,1,0,1
C02963,51,,Month-to-month,DSL,Electronic check,1,0,0
C02964,37,96.0,Two year,DSL,Electronic check,1,1,0
C02965,17,24.88,Month-to-month,DSL,Mailed check,0,0,1
C02966,58,104.37,One year,DSL,Bank transfer,2,0,0
C02967,29,63.8,Month-to-month,,Credit card,0,0,0
C02968,33,54.24,Two year,Fiber optic,Mailed check,2,0,1
C02969,60,74.65,Month-to-month,DSL,Bank transfer,1,0,0
C02970,55,29.14,One year,Fiber optic,Bank transfer,0,1,0
C02971,10,95.66,One year,No,Credit card,3,0,1
C02972,47,78.24,Month-to-month,No,Mailed check,1,1,0
C02973,23,38.66,Month-to-month,Fiber optic,Mailed check,1,0,1
C02974,21,38.82,Month-to-month,No,Credit card,1,0,1
C02975,13,38.42,Month-to-month,DSL,Mailed check,0,0,0
C02976,33,25.7,Two year,Fiber optic,Electronic check,2,0,0
C02977,24,78.78,Two year,Fiber optic,Credit card,1,0,0
C02978,11,104.03,Month-to-month,Fiber optic,Bank transfer,0,0,1
C02979,17,21.75,One year,Fiber optic,Credit card,2,0,0
C02980,68,24.9,One year,Fiber optic,Electronic check,1,0,1
C02981,47,,Two year,No,Credit card,2,0,0
C02982,25,101.95,Month-to-month,No,Bank transfer,2,0,1
C02983,21,52.67,Month-to-month,Fiber optic,Bank transfer,2,0,0
C02984,12,54.96,Month-to-month,Fiber optic,Credit card,1,0,1
C02985,37,79.63,Month-to-month,DSL,Credit card,2,1,0
C02986,42,47.42,Month-to-month,DSL,Electronic check,1,1,0
C02987,17,22.66,Month-to-month,Fiber optic,Electronic check,2,0,0
C02988,48,93.52,Month-to-month,Fiber optic,Bank transfer,0,0,1
C02989,28,82.56,One year,,Mailed check,1,1,0
C02990,41,78.08,Month-to-month,No,Mailed check,0,0,0
C02991,47,94.17,Month-to-month,Fiber optic,Mailed check,5,1,1
C02992,18,87.52,Month-to-month,Fiber optic,Mailed check,0,0,1
C02993,71,40.59,Month-to-month,DSL,Bank transfer,0,0,0
C02994,13,55.25,One year,DSL,Mailed check,0,0,0
C02995,13,32.61,Month-to-month,,Mailed check,0,0,1
C02996,31,32.99,Month-to-month,Fiber optic,Credit card,1,0,0
C02997,2,87.62,Month-to-month,No,Mailed check,0,0,0
C02998,16,105.86,Month-to-month,No,Credit card,0,0,0
C02999,9,116.27,Month-to-month,Fiber optic,Bank transfer,1,0,1
